<?xml version="1.0" encoding="utf-8"?>
<System>
  <P Name="Location">[223, 338, 826, 833]</P>
  <P Name="SIDHighWatermark">31</P>
  <Block BlockType="Inport" Name="Pin" SID="381::1">
    <P Name="Position">[20, 101, 40, 119]</P>
    <P Name="ZOrder">-1</P>
    <PortProperties>
      <Port Type="out" Index="1">
        <P Name="PropagatedSignals">Pin</P>
      </Port>
    </PortProperties>
  </Block>
  <Block BlockType="Inport" Name="Q3" SID="381::28">
    <P Name="Position">[20, 136, 40, 154]</P>
    <P Name="ZOrder">19</P>
    <P Name="Port">2</P>
    <PortProperties>
      <Port Type="out" Index="1">
        <P Name="PropagatedSignals">Q3</P>
      </Port>
    </PortProperties>
  </Block>
  <Block BlockType="Inport" Name="Avt" SID="381::31">
    <P Name="Position">[20, 171, 40, 189]</P>
    <P Name="ZOrder">22</P>
    <P Name="Port">3</P>
  </Block>
  <Block BlockType="Demux" Name=" Demux " SID="381::26">
    <PortCounts in="1" out="1"/>
    <P Name="Position">[270, 230, 320, 270]</P>
    <P Name="ZOrder">17</P>
    <P Name="Outputs">1</P>
  </Block>
  <Block BlockType="S-Function" Name=" SFunction " SID="381::25">
    <P Name="Tag">Stateflow S-Function 8</P>
    <PortCounts in="3" out="2"/>
    <P Name="Position">[180, 110, 230, 190]</P>
    <P Name="ZOrder">16</P>
    <P Name="FunctionName">sf_sfun</P>
    <P Name="Parameters">param</P>
    <P Name="PortCounts">[3 2]</P>
    <P Name="SFunctionDeploymentMode">off</P>
    <P Name="EnableBusSupport">on</P>
    <P Name="SFcnIsStateOwnerBlock">off</P>
    <PortProperties>
      <Port Type="out" Index="2">
        <P Name="Name">P4</P>
      </Port>
    </PortProperties>
  </Block>
  <Block BlockType="Terminator" Name=" Terminator " SID="381::27">
    <P Name="Position">[460, 241, 480, 259]</P>
    <P Name="ZOrder">18</P>
  </Block>
  <Block BlockType="Outport" Name="P4" SID="381::5">
    <P Name="Position">[460, 101, 480, 119]</P>
    <P Name="ZOrder">-5</P>
  </Block>
  <Line>
    <P Name="ZOrder">40</P>
    <P Name="Src">381::1#out:1</P>
    <P Name="Dst">381::25#in:1</P>
  </Line>
  <Line>
    <P Name="ZOrder">41</P>
    <P Name="Src">381::28#out:1</P>
    <P Name="Points">[60, 0; 0, 5]</P>
    <P Name="Dst">381::25#in:2</P>
  </Line>
  <Line>
    <P Name="ZOrder">42</P>
    <P Name="Src">381::31#out:1</P>
    <P Name="Points">[60, 0; 0, -5]</P>
    <P Name="Dst">381::25#in:3</P>
  </Line>
  <Line>
    <P Name="Name">P4</P>
    <P Name="ZOrder">43</P>
    <P Name="Labels">[0, 0]</P>
    <P Name="Src">381::25#out:2</P>
    <P Name="Points">[120, 0; 0, -60]</P>
    <P Name="Dst">381::5#in:1</P>
  </Line>
  <Line>
    <P Name="ZOrder">44</P>
    <P Name="Src">381::26#out:1</P>
    <P Name="Dst">381::27#in:1</P>
  </Line>
  <Line>
    <P Name="ZOrder">45</P>
    <P Name="Src">381::25#out:1</P>
    <P Name="Points">[15, 0; 0, 120]</P>
    <P Name="Dst">381::26#in:1</P>
  </Line>
</System>
