<?xml version="1.0" encoding="utf-8"?>
<System>
  <P Name="Location">[-1, -6, 1441, 854]</P>
  <P Name="Open">on</P>
  <P Name="ZoomFactor">60</P>
  <P Name="ReportName">simulink-default.rpt</P>
  <P Name="SIDHighWatermark">463</P>
  <Block BlockType="Constant" Name="Constant" SID="149">
    <P Name="Position">[-960, 1075, -930, 1105]</P>
    <P Name="ZOrder">428</P>
    <P Name="Value">0.05</P>
  </Block>
  <Block BlockType="Constant" Name="Constant1" SID="407">
    <P Name="Position">[-975, 1165, -895, 1195]</P>
    <P Name="ZOrder">678</P>
    <P Name="Value">param.max_Avt</P>
  </Block>
  <Block BlockType="Constant" Name="Constant2" SID="416">
    <P Name="Position">[565, 590, 595, 620]</P>
    <P Name="ZOrder">687</P>
    <P Name="Value">0</P>
  </Block>
  <Block BlockType="Constant" Name="Constant5" SID="386">
    <P Name="Position">[-335, 1035, -230, 1085]</P>
    <P Name="ZOrder">657</P>
    <P Name="Value">param.max_Avt</P>
  </Block>
  <Block BlockType="Constant" Name="Constant6" SID="251">
    <P Name="Position">[-1275, 702, -1195, 728]</P>
    <P Name="ZOrder">528</P>
    <P Name="Value">param.P_H</P>
  </Block>
  <Block BlockType="Constant" Name="Constant7" SID="314">
    <P Name="Position">[-1185, 507, -1105, 533]</P>
    <P Name="ZOrder">588</P>
    <P Name="Value">param.P_M</P>
  </Block>
  <Block BlockType="SubSystem" Name="Controller" SID="144">
    <PortCounts in="7" out="6"/>
    <P Name="Position">[-795, 894, -670, 1136]</P>
    <P Name="ZOrder">423</P>
    <P Name="LibrarySourceBlock">simulink/User-Defined
Functions/MATLAB Function</P>
    <P Name="ErrorFcn">Stateflow.Translate.translate</P>
    <P Name="PermitHierarchicalResolution">ExplicitOnly</P>
    <P Name="TreatAsAtomicUnit">on</P>
    <P Name="SFBlockType">MATLAB Function</P>
    <P Name="ContentPreviewEnabled">on</P>
    <PortProperties>
      <Port Type="out" Index="1">
        <P Name="PropagatedSignals">T_elec</P>
      </Port>
      <Port Type="out" Index="2">
        <P Name="PropagatedSignals">Pin</P>
      </Port>
      <Port Type="out" Index="3">
        <P Name="PropagatedSignals">Q_supply</P>
      </Port>
      <Port Type="out" Index="4">
        <P Name="PropagatedSignals">P3</P>
      </Port>
      <Port Type="out" Index="5">
        <P Name="PropagatedSignals">Q1</P>
      </Port>
      <Port Type="out" Index="6">
        <P Name="PropagatedSignals">Q2</P>
      </Port>
    </PortProperties>
    <System Ref="system_144"/>
  </Block>
  <Block BlockType="Delay" Name="Delay" SID="356">
    <PortCounts in="1" out="1"/>
    <P Name="Position">[-585, 1178, -550, 1212]</P>
    <P Name="ZOrder">630</P>
    <P Name="InputPortMap">u0</P>
    <P Name="DelayLength">1</P>
  </Block>
  <Block BlockType="Display" Name="Display" SID="281">
    <PortCounts in="1"/>
    <P Name="Position">[-5, 715, 50, 735]</P>
    <P Name="ZOrder">558</P>
    <P Name="Decimation">1</P>
  </Block>
  <Block BlockType="Display" Name="Display1" SID="143">
    <PortCounts in="1"/>
    <P Name="Position">[1060, 550, 1120, 570]</P>
    <P Name="ZOrder">422</P>
    <P Name="Decimation">1</P>
  </Block>
  <Block BlockType="Display" Name="Display2" SID="449">
    <PortCounts in="1"/>
    <P Name="Position">[300, 855, 360, 875]</P>
    <P Name="ZOrder">720</P>
    <P Name="Decimation">1</P>
  </Block>
  <Block BlockType="Display" Name="Display3" SID="450">
    <PortCounts in="1"/>
    <P Name="Position">[300, 905, 360, 925]</P>
    <P Name="ZOrder">721</P>
    <P Name="Decimation">1</P>
  </Block>
  <Block BlockType="From" Name="From" SID="219">
    <P Name="Position">[-335, 640, -295, 670]</P>
    <P Name="ZOrder">498</P>
    <P Name="GotoTag">P4</P>
    <PortProperties>
      <Port Type="out" Index="1">
        <P Name="PropagatedSignals">P4</P>
      </Port>
    </PortProperties>
  </Block>
  <Block BlockType="From" Name="From1" SID="220">
    <P Name="Position">[-335, 595, -295, 625]</P>
    <P Name="ZOrder">499</P>
    <P Name="GotoTag">P3</P>
    <PortProperties>
      <Port Type="out" Index="1">
        <P Name="PropagatedSignals">P3</P>
      </Port>
    </PortProperties>
  </Block>
  <Block BlockType="From" Name="From10" SID="414">
    <P Name="Position">[655, 970, 695, 1000]</P>
    <P Name="ZOrder">685</P>
    <P Name="GotoTag">Q2</P>
    <PortProperties>
      <Port Type="out" Index="1">
        <P Name="PropagatedSignals">Q2</P>
      </Port>
    </PortProperties>
  </Block>
  <Block BlockType="From" Name="From11" SID="391">
    <P Name="Position">[-305, 890, -265, 920]</P>
    <P Name="ZOrder">662</P>
    <P Name="GotoTag">Pin</P>
    <PortProperties>
      <Port Type="out" Index="1">
        <P Name="PropagatedSignals">Pin</P>
      </Port>
    </PortProperties>
  </Block>
  <Block BlockType="From" Name="From12" SID="415">
    <P Name="Position">[655, 890, 695, 920]</P>
    <P Name="ZOrder">686</P>
    <P Name="GotoTag">P3</P>
    <PortProperties>
      <Port Type="out" Index="1">
        <P Name="PropagatedSignals">P3</P>
      </Port>
    </PortProperties>
  </Block>
  <Block BlockType="From" Name="From13" SID="419">
    <P Name="Position">[655, 930, 695, 960]</P>
    <P Name="ZOrder">690</P>
    <P Name="GotoTag">P1</P>
    <PortProperties>
      <Port Type="out" Index="1">
        <P Name="PropagatedSignals">P1</P>
      </Port>
    </PortProperties>
  </Block>
  <Block BlockType="From" Name="From14" SID="424">
    <P Name="Position">[655, 1125, 695, 1155]</P>
    <P Name="ZOrder">695</P>
    <P Name="GotoTag">Q3</P>
    <PortProperties>
      <Port Type="out" Index="1">
        <P Name="PropagatedSignals">Q3</P>
      </Port>
    </PortProperties>
  </Block>
  <Block BlockType="From" Name="From15" SID="425">
    <P Name="Position">[650, 1035, 690, 1065]</P>
    <P Name="ZOrder">696</P>
    <P Name="GotoTag">P4</P>
    <PortProperties>
      <Port Type="out" Index="1">
        <P Name="PropagatedSignals">P4</P>
      </Port>
    </PortProperties>
  </Block>
  <Block BlockType="From" Name="From16" SID="384">
    <P Name="Position">[-280, 945, -220, 975]</P>
    <P Name="ZOrder">655</P>
    <P Name="GotoTag">Q3</P>
    <PortProperties>
      <Port Type="out" Index="1">
        <P Name="PropagatedSignals">Q3</P>
      </Port>
    </PortProperties>
  </Block>
  <Block BlockType="From" Name="From17" SID="426">
    <P Name="Position">[645, 1075, 695, 1105]</P>
    <P Name="ZOrder">697</P>
    <P Name="GotoTag">Pdes</P>
  </Block>
  <Block BlockType="From" Name="From18" SID="431">
    <P Name="Position">[655, 1295, 695, 1325]</P>
    <P Name="ZOrder">702</P>
    <P Name="GotoTag">Q1</P>
    <PortProperties>
      <Port Type="out" Index="1">
        <P Name="PropagatedSignals">Q1</P>
      </Port>
    </PortProperties>
  </Block>
  <Block BlockType="From" Name="From19" SID="432">
    <P Name="Position">[655, 1195, 695, 1225]</P>
    <P Name="ZOrder">703</P>
    <P Name="GotoTag">P3</P>
    <PortProperties>
      <Port Type="out" Index="1">
        <P Name="PropagatedSignals">P3</P>
      </Port>
    </PortProperties>
  </Block>
  <Block BlockType="From" Name="From2" SID="222">
    <P Name="Position">[565, 500, 640, 530]</P>
    <P Name="ZOrder">501</P>
    <P Name="GotoTag">Q_supply</P>
    <PortProperties>
      <Port Type="out" Index="1">
        <P Name="PropagatedSignals">Q_supply</P>
      </Port>
    </PortProperties>
  </Block>
  <Block BlockType="From" Name="From20" SID="441">
    <P Name="Position">[190, 1035, 230, 1065]</P>
    <P Name="ZOrder">712</P>
    <P Name="GotoTag">P1</P>
    <PortProperties>
      <Port Type="out" Index="1">
        <P Name="PropagatedSignals">P1</P>
      </Port>
    </PortProperties>
  </Block>
  <Block BlockType="From" Name="From21" SID="447">
    <P Name="Position">[215, 850, 255, 880]</P>
    <P Name="ZOrder">718</P>
    <P Name="GotoTag">P3</P>
    <PortProperties>
      <Port Type="out" Index="1">
        <P Name="PropagatedSignals">P3</P>
      </Port>
    </PortProperties>
  </Block>
  <Block BlockType="From" Name="From22" SID="448">
    <P Name="Position">[215, 900, 255, 930]</P>
    <P Name="ZOrder">719</P>
    <P Name="GotoTag">P4</P>
    <PortProperties>
      <Port Type="out" Index="1">
        <P Name="PropagatedSignals">P4</P>
      </Port>
    </PortProperties>
  </Block>
  <Block BlockType="From" Name="From23" SID="451">
    <P Name="Position">[40, 1250, 100, 1280]</P>
    <P Name="ZOrder">722</P>
    <P Name="GotoTag">omega</P>
    <PortProperties>
      <Port Type="out" Index="1">
        <P Name="PropagatedSignals">omega</P>
      </Port>
    </PortProperties>
  </Block>
  <Block BlockType="From" Name="From24" SID="452">
    <P Name="Position">[35, 1205, 105, 1235]</P>
    <P Name="ZOrder">723</P>
    <P Name="GotoTag">omega_dot</P>
    <PortProperties>
      <Port Type="out" Index="1">
        <P Name="PropagatedSignals">omega_dot</P>
      </Port>
    </PortProperties>
  </Block>
  <Block BlockType="From" Name="From25" SID="458">
    <P Name="Position">[100, 1420, 160, 1450]</P>
    <P Name="ZOrder">729</P>
    <P Name="GotoTag">omega</P>
    <PortProperties>
      <Port Type="out" Index="1">
        <P Name="PropagatedSignals">omega</P>
      </Port>
    </PortProperties>
  </Block>
  <Block BlockType="From" Name="From3" SID="224">
    <P Name="Position">[-355, 685, -295, 715]</P>
    <P Name="ZOrder">503</P>
    <P Name="GotoTag">T_elec</P>
    <PortProperties>
      <Port Type="out" Index="1">
        <P Name="PropagatedSignals">T_elec</P>
      </Port>
    </PortProperties>
  </Block>
  <Block BlockType="From" Name="From30" SID="313">
    <P Name="Position">[740, 665, 805, 695]</P>
    <P Name="ZOrder">587</P>
    <P Name="GotoTag">P_initial</P>
  </Block>
  <Block BlockType="From" Name="From32" SID="328">
    <P Name="Position">[-970, 865, -920, 895]</P>
    <P Name="ZOrder">602</P>
    <P Name="GotoTag">Pdes</P>
  </Block>
  <Block BlockType="From" Name="From35" SID="357">
    <P Name="Position">[-720, 1180, -630, 1210]</P>
    <P Name="ZOrder">631</P>
    <P Name="GotoTag">hyd_torque</P>
    <PortProperties>
      <Port Type="out" Index="1">
        <P Name="PropagatedSignals">hyd_torque</P>
      </Port>
    </PortProperties>
  </Block>
  <Block BlockType="From" Name="From4" SID="226">
    <P Name="Position">[-965, 820, -925, 850]</P>
    <P Name="ZOrder">505</P>
    <P Name="GotoTag">P1</P>
    <PortProperties>
      <Port Type="out" Index="1">
        <P Name="PropagatedSignals">P1</P>
      </Port>
    </PortProperties>
  </Block>
  <Block BlockType="From" Name="From5" SID="229">
    <P Name="Position">[-875, 625, -815, 655]</P>
    <P Name="ZOrder">508</P>
    <P Name="GotoTag">omega</P>
    <PortProperties>
      <Port Type="out" Index="1">
        <P Name="PropagatedSignals">omega</P>
      </Port>
    </PortProperties>
  </Block>
  <Block BlockType="From" Name="From6" SID="434">
    <P Name="Position">[650, 1245, 700, 1275]</P>
    <P Name="ZOrder">705</P>
    <P Name="GotoTag">Pdes</P>
  </Block>
  <Block BlockType="From" Name="From7" SID="439">
    <P Name="Position">[165, 1095, 240, 1125]</P>
    <P Name="ZOrder">710</P>
    <P Name="GotoTag">Q_supply</P>
    <PortProperties>
      <Port Type="out" Index="1">
        <P Name="PropagatedSignals">Q_supply</P>
      </Port>
    </PortProperties>
  </Block>
  <Block BlockType="From" Name="From8" SID="235">
    <P Name="Position">[-975, 965, -915, 995]</P>
    <P Name="ZOrder">514</P>
    <P Name="GotoTag">Q3</P>
    <PortProperties>
      <Port Type="out" Index="1">
        <P Name="PropagatedSignals">Q3</P>
      </Port>
    </PortProperties>
  </Block>
  <Block BlockType="From" Name="From9" SID="236">
    <P Name="Position">[-975, 1025, -915, 1055]</P>
    <P Name="ZOrder">515</P>
    <P Name="GotoTag">omega</P>
    <PortProperties>
      <Port Type="out" Index="1">
        <P Name="PropagatedSignals">omega</P>
      </Port>
    </PortProperties>
  </Block>
  <Block BlockType="Gain" Name="Gain" SID="122">
    <P Name="Position">[260, 600, 330, 660]</P>
    <P Name="ZOrder">406</P>
    <P Name="Gain">60/(2*pi)</P>
  </Block>
  <Block BlockType="Gain" Name="Gain1" SID="453">
    <P Name="Position">[235, 1167, 400, 1293]</P>
    <P Name="ZOrder">724</P>
    <P Name="Gain">param.J_elec+param.J_hyd</P>
  </Block>
  <Block BlockType="Gain" Name="Gain2" SID="457">
    <P Name="Position">[240, 1372, 405, 1498]</P>
    <P Name="ZOrder">728</P>
    <P Name="Gain">param.J_elec+param.J_hyd</P>
  </Block>
  <Block BlockType="Gain" Name="Gain3" SID="460">
    <P Name="Position">[445, 1415, 485, 1455]</P>
    <P Name="ZOrder">731</P>
    <P Name="Gain">0.5</P>
  </Block>
  <Block BlockType="Goto" Name="Goto1" SID="383">
    <P Name="Position">[20, 960, 60, 990]</P>
    <P Name="ZOrder">654</P>
    <P Name="GotoTag">P4</P>
  </Block>
  <Block BlockType="Goto" Name="Goto11" SID="405">
    <P Name="Position">[-590, 1000, -550, 1030]</P>
    <P Name="ZOrder">676</P>
    <P Name="GotoTag">P3</P>
  </Block>
  <Block BlockType="Goto" Name="Goto12" SID="406">
    <P Name="Position">[-590, 1060, -550, 1090]</P>
    <P Name="ZOrder">677</P>
    <P Name="GotoTag">Q1</P>
  </Block>
  <Block BlockType="Goto" Name="Goto15" SID="312">
    <P Name="Position">[-1045, 505, -980, 535]</P>
    <P Name="ZOrder">586</P>
    <P Name="GotoTag">P_initial</P>
  </Block>
  <Block BlockType="Goto" Name="Goto16" SID="334">
    <P Name="Position">[-35, 505, 35, 535]</P>
    <P Name="ZOrder">608</P>
    <P Name="GotoTag">omega_dot</P>
  </Block>
  <Block BlockType="Goto" Name="Goto17" SID="353">
    <P Name="Position">[5, 755, 95, 785]</P>
    <P Name="ZOrder">627</P>
    <P Name="GotoTag">hyd_torque</P>
  </Block>
  <Block BlockType="Goto" Name="Goto2" SID="221">
    <P Name="Position">[-605, 950, -530, 980]</P>
    <P Name="ZOrder">500</P>
    <P Name="GotoTag">Q_supply</P>
  </Block>
  <Block BlockType="Goto" Name="Goto3" SID="223">
    <P Name="Position">[-595, 850, -535, 880]</P>
    <P Name="ZOrder">502</P>
    <P Name="GotoTag">T_elec</P>
  </Block>
  <Block BlockType="Goto" Name="Goto4" SID="225">
    <P Name="Position">[1070, 710, 1110, 740]</P>
    <P Name="ZOrder">504</P>
    <P Name="GotoTag">P1</P>
  </Block>
  <Block BlockType="Goto" Name="Goto5" SID="228">
    <P Name="Position">[110, 520, 170, 550]</P>
    <P Name="ZOrder">507</P>
    <P Name="GotoTag">omega</P>
  </Block>
  <Block BlockType="Goto" Name="Goto6" SID="230">
    <P Name="Position">[-605, 625, -545, 655]</P>
    <P Name="ZOrder">509</P>
    <P Name="GotoTag">Q3</P>
  </Block>
  <Block BlockType="Goto" Name="Goto7" SID="237">
    <P Name="Position">[-575, 900, -535, 930]</P>
    <P Name="ZOrder">516</P>
    <P Name="GotoTag">Pin</P>
  </Block>
  <Block BlockType="Goto" Name="Goto8" SID="252">
    <P Name="Position">[-1095, 700, -1045, 730]</P>
    <P Name="ZOrder">529</P>
    <P Name="GotoTag">Pdes</P>
  </Block>
  <Block BlockType="Goto" Name="Goto9" SID="433">
    <P Name="Position">[-590, 1120, -550, 1150]</P>
    <P Name="ZOrder">704</P>
    <P Name="GotoTag">Q2</P>
  </Block>
  <Block BlockType="SubSystem" Name="Hydraulic Pump/Motor" SID="116">
    <PortCounts in="1" out="1"/>
    <P Name="Position">[-770, 592, -650, 688]</P>
    <P Name="ZOrder">400</P>
    <P Name="ErrorFcn">Stateflow.Translate.translate</P>
    <P Name="PermitHierarchicalResolution">ExplicitOnly</P>
    <P Name="TreatAsAtomicUnit">on</P>
    <P Name="SFBlockType">MATLAB Function</P>
    <P Name="ContentPreviewEnabled">on</P>
    <PortProperties>
      <Port Type="out" Index="1">
        <P Name="PropagatedSignals">Q3</P>
      </Port>
    </PortProperties>
    <System Ref="system_116"/>
  </Block>
  <Block BlockType="Integrator" Name="Integrator" SID="119">
    <PortCounts in="1" out="1"/>
    <P Name="Position">[5, 615, 35, 645]</P>
    <P Name="ZOrder">403</P>
    <PortProperties>
      <Port Type="out" Index="1">
        <P Name="Name">omega</P>
      </Port>
    </PortProperties>
  </Block>
  <Block BlockType="Integrator" Name="Integrator1" SID="120">
    <PortCounts in="1" out="1"/>
    <P Name="Position">[135, 615, 165, 645]</P>
    <P Name="ZOrder">404</P>
  </Block>
  <Block BlockType="Integrator" Name="Integrator2" SID="129">
    <PortCounts in="2" out="1"/>
    <P Name="Position">[900, 612, 930, 643]</P>
    <P Name="ZOrder">413</P>
    <P Name="InitialConditionSource">external</P>
    <P Name="InitialCondition">param.P_M</P>
    <PortProperties>
      <Port Type="out" Index="1">
        <P Name="Name">P1</P>
      </Port>
    </PortProperties>
  </Block>
  <Block BlockType="Integrator" Name="Integrator3" SID="417">
    <PortCounts in="1" out="1"/>
    <P Name="Position">[635, 560, 665, 590]</P>
    <P Name="ZOrder">688</P>
  </Block>
  <Block BlockType="Integrator" Name="Integrator4" SID="422">
    <PortCounts in="1" out="1"/>
    <P Name="Position">[925, 945, 955, 975]</P>
    <P Name="ZOrder">693</P>
  </Block>
  <Block BlockType="Integrator" Name="Integrator5" SID="429">
    <PortCounts in="1" out="1"/>
    <P Name="Position">[925, 1100, 955, 1130]</P>
    <P Name="ZOrder">700</P>
  </Block>
  <Block BlockType="Integrator" Name="Integrator6" SID="436">
    <PortCounts in="1" out="1"/>
    <P Name="Position">[925, 1260, 955, 1290]</P>
    <P Name="ZOrder">707</P>
  </Block>
  <Block BlockType="Integrator" Name="Integrator7" SID="443">
    <PortCounts in="1" out="1"/>
    <P Name="Position">[365, 1065, 395, 1095]</P>
    <P Name="ZOrder">714</P>
  </Block>
  <Block BlockType="Integrator" Name="Integrator8" SID="455">
    <PortCounts in="1" out="1"/>
    <P Name="Position">[450, 1215, 480, 1245]</P>
    <P Name="ZOrder">726</P>
  </Block>
  <Block BlockType="Display" Name="Kinetic Energy" SID="461">
    <PortCounts in="1"/>
    <P Name="Position">[535, 1424, 595, 1446]</P>
    <P Name="ZOrder">732</P>
    <P Name="Decimation">1</P>
  </Block>
  <Block BlockType="Display" Name="Kinetic Energy 1" SID="456">
    <PortCounts in="1"/>
    <P Name="Position">[525, 1219, 585, 1241]</P>
    <P Name="ZOrder">727</P>
    <P Name="Decimation">1</P>
  </Block>
  <Block BlockType="SubSystem" Name="Linear Actuator Chamber" SID="128">
    <PortCounts in="3" out="1"/>
    <P Name="Position">[715, 533, 815, 617]</P>
    <P Name="ZOrder">412</P>
    <P Name="ErrorFcn">Stateflow.Translate.translate</P>
    <P Name="PermitHierarchicalResolution">ExplicitOnly</P>
    <P Name="TreatAsAtomicUnit">on</P>
    <P Name="SFBlockType">MATLAB Function</P>
    <P Name="ContentPreviewEnabled">on</P>
    <PortProperties>
      <Port Type="out" Index="1">
        <P Name="PropagatedSignals">P1dot</P>
      </Port>
    </PortProperties>
    <System Ref="system_128"/>
  </Block>
  <Block BlockType="SubSystem" Name="MATLAB Function1" SID="381">
    <PortCounts in="3" out="1"/>
    <P Name="Position">[-160, 920, -20, 1030]</P>
    <P Name="ZOrder">652</P>
    <P Name="ErrorFcn">Stateflow.Translate.translate</P>
    <P Name="PermitHierarchicalResolution">ExplicitOnly</P>
    <P Name="TreatAsAtomicUnit">on</P>
    <P Name="SFBlockType">MATLAB Function</P>
    <P Name="ContentPreviewEnabled">on</P>
    <PortProperties>
      <Port Type="out" Index="1">
        <P Name="PropagatedSignals">P4</P>
      </Port>
    </PortProperties>
    <System Ref="system_381"/>
  </Block>
  <Block BlockType="Scope" Name="P1" SID="132">
    <PortCounts in="1"/>
    <P Name="Position">[1075, 614, 1105, 646]</P>
    <P Name="ZOrder">416</P>
    <P Name="ScopeSpecificationString">Simulink.scopes.TimeScopeBlockCfg(&apos;CurrentConfiguration&apos;, extmgr.ConfigurationSet(extmgr.Configuration(&apos;Core&apos;,&apos;General UI&apos;,true),extmgr.Configuration(&apos;Core&apos;,&apos;Source UI&apos;,true),extmgr.Configuration(&apos;Sources&apos;,&apos;WiredSimulink&apos;,true,&apos;DataLoggingVariableName&apos;,&apos;ScopeData1&apos;),extmgr.Configuration(&apos;Visuals&apos;,&apos;Time Domain&apos;,true,&apos;SerializedDisplays&apos;,{struct(&apos;MinYLimReal&apos;,&apos;8751249.99996&apos;,&apos;MaxYLimReal&apos;,&apos;21238750.00032&apos;,&apos;YLabelReal&apos;,&apos;&apos;,&apos;MinYLimMag&apos;,&apos;8751249.99996&apos;,&apos;MaxYLimMag&apos;,&apos;21238750.00032&apos;,&apos;LegendVisibility&apos;,&apos;off&apos;,&apos;XGrid&apos;,true,&apos;YGrid&apos;,true,&apos;PlotMagPhase&apos;,false,&apos;AxesColor&apos;,[0 0 0],&apos;AxesTickColor&apos;,[0.686274509803922 0.686274509803922 0.686274509803922],&apos;ColorOrder&apos;,[1 1 0.0666666666666667;0.0745098039215686 0.623529411764706 1;1 0.411764705882353 0.16078431372549;0.392156862745098 0.831372549019608 0.0745098039215686;0.717647058823529 0.274509803921569 1;0.0588235294117647 1 1;1 0.0745098039215686 0.650980392156863],&apos;Title&apos;,&apos;%&lt;SignalLabel&gt;&apos;,&apos;LinePropertiesCache&apos;,{{}},&apos;UserDefinedChannelNames&apos;,{{}},&apos;NumLines&apos;,1,&apos;LineNames&apos;,{{&apos;P1&apos;}},&apos;ShowContent&apos;,true,&apos;Placement&apos;,1)},&apos;DisplayPropertyDefaults&apos;,struct(&apos;MinYLimReal&apos;,&apos;8751249.99996&apos;,&apos;MaxYLimReal&apos;,&apos;21238750.00032&apos;,&apos;YLabelReal&apos;,&apos;&apos;,&apos;MinYLimMag&apos;,&apos;8751249.99996&apos;,&apos;MaxYLimMag&apos;,&apos;21238750.00032&apos;,&apos;LegendVisibility&apos;,&apos;off&apos;,&apos;XGrid&apos;,true,&apos;YGrid&apos;,true,&apos;PlotMagPhase&apos;,false,&apos;AxesColor&apos;,[0 0 0],&apos;AxesTickColor&apos;,[0.686274509803922 0.686274509803922 0.686274509803922],&apos;ColorOrder&apos;,[0.0745098039215686 0.623529411764706 1;1 0.411764705882353 0.16078431372549;1 1 0.0666666666666667;0.717647058823529 0.274509803921569 1;0.392156862745098 0.831372549019608 0.0745098039215686;0.0588235294117647 1 1;1 0.0745098039215686 0.650980392156863])),extmgr.Configuration(&apos;Tools&apos;,&apos;Plot Navigation&apos;,true,&apos;OnceAtStop&apos;,false,&apos;PreviousAutoscale&apos;,&apos;XY&apos;),extmgr.Configuration(&apos;Tools&apos;,&apos;Measurements&apos;,true,&apos;Version&apos;,&apos;2023b&apos;)),&apos;Version&apos;,&apos;2023b&apos;,&apos;Position&apos;,[1 49 1440 782])</P>
    <P Name="NumInputPorts">1</P>
    <P Name="Floating">off</P>
  </Block>
  <Block BlockType="Product" Name="Product" SID="421">
    <PortCounts in="2" out="1"/>
    <P Name="Position">[855, 942, 885, 973]</P>
    <P Name="ZOrder">692</P>
  </Block>
  <Block BlockType="Product" Name="Product1" SID="428">
    <PortCounts in="2" out="1"/>
    <P Name="Position">[855, 1097, 885, 1128]</P>
    <P Name="ZOrder">699</P>
  </Block>
  <Block BlockType="Product" Name="Product2" SID="437">
    <PortCounts in="2" out="1"/>
    <P Name="Position">[855, 1257, 885, 1288]</P>
    <P Name="ZOrder">708</P>
  </Block>
  <Block BlockType="Product" Name="Product3" SID="442">
    <PortCounts in="2" out="1"/>
    <P Name="Position">[300, 1062, 330, 1093]</P>
    <P Name="ZOrder">713</P>
  </Block>
  <Block BlockType="Product" Name="Product4" SID="454">
    <PortCounts in="2" out="1"/>
    <P Name="Position">[155, 1212, 185, 1243]</P>
    <P Name="ZOrder">725</P>
  </Block>
  <Block BlockType="SubSystem" Name="Pump/motor Dynamics" SID="117">
    <PortCounts in="3" out="2"/>
    <P Name="Position">[-240, 606, -95, 704]</P>
    <P Name="ZOrder">401</P>
    <P Name="ErrorFcn">Stateflow.Translate.translate</P>
    <P Name="PermitHierarchicalResolution">ExplicitOnly</P>
    <P Name="TreatAsAtomicUnit">on</P>
    <P Name="SFBlockType">MATLAB Function</P>
    <P Name="ContentPreviewEnabled">on</P>
    <PortProperties>
      <Port Type="out" Index="1">
        <P Name="PropagatedSignals">omega_dot</P>
      </Port>
      <Port Type="out" Index="2">
        <P Name="PropagatedSignals">hyd_torque</P>
      </Port>
    </PortProperties>
    <System Ref="system_117"/>
  </Block>
  <Block BlockType="Scope" Name="Scope" SID="280">
    <PortCounts in="1"/>
    <P Name="Position">[5, 664, 35, 696]</P>
    <P Name="ZOrder">557</P>
    <P Name="ScopeSpecificationString">Simulink.scopes.TimeScopeBlockCfg(&apos;CurrentConfiguration&apos;, extmgr.ConfigurationSet(extmgr.Configuration(&apos;Core&apos;,&apos;General UI&apos;,true),extmgr.Configuration(&apos;Core&apos;,&apos;Source UI&apos;,true),extmgr.Configuration(&apos;Sources&apos;,&apos;WiredSimulink&apos;,true,&apos;DataLoggingVariableName&apos;,&apos;ScopeData1&apos;),extmgr.Configuration(&apos;Visuals&apos;,&apos;Time Domain&apos;,true),extmgr.Configuration(&apos;Tools&apos;,&apos;Plot Navigation&apos;,true),extmgr.Configuration(&apos;Tools&apos;,&apos;Measurements&apos;,true)),&apos;Version&apos;,&apos;2023a&apos;)</P>
    <P Name="NumInputPorts">1</P>
    <P Name="Floating">off</P>
  </Block>
  <Block BlockType="Scope" Name="Scope1" SID="462">
    <PortCounts in="3"/>
    <P Name="Position">[-480, 1062, -440, 1108]</P>
    <P Name="ZOrder">733</P>
    <P Name="ScopeSpecificationString">Simulink.scopes.TimeScopeBlockCfg(&apos;CurrentConfiguration&apos;, extmgr.ConfigurationSet(extmgr.Configuration(&apos;Core&apos;,&apos;General UI&apos;,true),extmgr.Configuration(&apos;Core&apos;,&apos;Source UI&apos;,true),extmgr.Configuration(&apos;Sources&apos;,&apos;WiredSimulink&apos;,true,&apos;DataLoggingVariableName&apos;,&apos;ScopeData1&apos;),extmgr.Configuration(&apos;Visuals&apos;,&apos;Time Domain&apos;,true,&apos;SerializedDisplays&apos;,{struct(&apos;MinYLimReal&apos;,&apos;19995714.38541&apos;,&apos;MaxYLimReal&apos;,&apos;20000476.36078&apos;,&apos;YLabelReal&apos;,&apos;&apos;,&apos;MinYLimMag&apos;,&apos;19995714.38541&apos;,&apos;MaxYLimMag&apos;,&apos;20000476.36078&apos;,&apos;LegendVisibility&apos;,&apos;off&apos;,&apos;XGrid&apos;,true,&apos;YGrid&apos;,true,&apos;PlotMagPhase&apos;,false,&apos;AxesColor&apos;,[0 0 0],&apos;AxesTickColor&apos;,[0.686274509803922 0.686274509803922 0.686274509803922],&apos;ColorOrder&apos;,[1 1 0.0666666666666667;0.0745098039215686 0.623529411764706 1;1 0.411764705882353 0.16078431372549;0.392156862745098 0.831372549019608 0.0745098039215686;0.717647058823529 0.274509803921569 1;0.0588235294117647 1 1;1 0.0745098039215686 0.650980392156863],&apos;Title&apos;,&apos;%&lt;SignalLabel&gt;&apos;,&apos;LinePropertiesCache&apos;,{{}},&apos;UserDefinedChannelNames&apos;,{{}},&apos;NumLines&apos;,1,&apos;LineNames&apos;,{{&apos;Controller/P3&apos;}},&apos;ShowContent&apos;,true,&apos;Placement&apos;,1),struct(&apos;MinYLimReal&apos;,&apos;-0.00004&apos;,&apos;MaxYLimReal&apos;,&apos;0.00031&apos;,&apos;YLabelReal&apos;,&apos;&apos;,&apos;MinYLimMag&apos;,&apos;0&apos;,&apos;MaxYLimMag&apos;,&apos;10&apos;,&apos;LegendVisibility&apos;,&apos;off&apos;,&apos;XGrid&apos;,true,&apos;YGrid&apos;,true,&apos;PlotMagPhase&apos;,false,&apos;AxesColor&apos;,[0 0 0],&apos;AxesTickColor&apos;,[0.686274509803922 0.686274509803922 0.686274509803922],&apos;ColorOrder&apos;,[1 1 0.0666666666666667;0.0745098039215686 0.623529411764706 1;1 0.411764705882353 0.16078431372549;0.392156862745098 0.831372549019608 0.0745098039215686;0.717647058823529 0.274509803921569 1;0.0588235294117647 1 1;1 0.0745098039215686 0.650980392156863],&apos;Title&apos;,&apos;%&lt;SignalLabel&gt;&apos;,&apos;LinePropertiesCache&apos;,{{}},&apos;UserDefinedChannelNames&apos;,{{}},&apos;NumLines&apos;,1,&apos;LineNames&apos;,{{&apos;Controller/Q1&apos;}},&apos;ShowContent&apos;,true,&apos;Placement&apos;,2),struct(&apos;MinYLimReal&apos;,&apos;-0.00003&apos;,&apos;MaxYLimReal&apos;,&apos;0.00023&apos;,&apos;YLabelReal&apos;,&apos;&apos;,&apos;MinYLimMag&apos;,&apos;0&apos;,&apos;MaxYLimMag&apos;,&apos;10&apos;,&apos;LegendVisibility&apos;,&apos;off&apos;,&apos;XGrid&apos;,true,&apos;YGrid&apos;,true,&apos;PlotMagPhase&apos;,false,&apos;AxesColor&apos;,[0 0 0],&apos;AxesTickColor&apos;,[0.686274509803922 0.686274509803922 0.686274509803922],&apos;ColorOrder&apos;,[1 1 0.0666666666666667;0.0745098039215686 0.623529411764706 1;1 0.411764705882353 0.16078431372549;0.392156862745098 0.831372549019608 0.0745098039215686;0.717647058823529 0.274509803921569 1;0.0588235294117647 1 1;1 0.0745098039215686 0.650980392156863],&apos;Title&apos;,&apos;%&lt;SignalLabel&gt;&apos;,&apos;LinePropertiesCache&apos;,{{}},&apos;UserDefinedChannelNames&apos;,{{}},&apos;NumLines&apos;,1,&apos;LineNames&apos;,{{&apos;Controller/Q2&apos;}},&apos;ShowContent&apos;,true,&apos;Placement&apos;,3)},&apos;DisplayPropertyDefaults&apos;,struct(&apos;YLabelReal&apos;,&apos;&apos;,&apos;LegendVisibility&apos;,&apos;off&apos;,&apos;XGrid&apos;,true,&apos;YGrid&apos;,true,&apos;PlotMagPhase&apos;,false,&apos;AxesColor&apos;,[0 0 0],&apos;AxesTickColor&apos;,[0.686274509803922 0.686274509803922 0.686274509803922],&apos;ColorOrder&apos;,[0.0745098039215686 0.623529411764706 1;1 0.411764705882353 0.16078431372549;1 1 0.0666666666666667;0.717647058823529 0.274509803921569 1;0.392156862745098 0.831372549019608 0.0745098039215686;0.0588235294117647 1 1;1 0.0745098039215686 0.650980392156863]),&apos;DisplayLayoutDimensions&apos;,[3 1],&apos;DisplayContentCache&apos;,[]),extmgr.Configuration(&apos;Tools&apos;,&apos;Plot Navigation&apos;,true),extmgr.Configuration(&apos;Tools&apos;,&apos;Measurements&apos;,true,&apos;Version&apos;,&apos;2023b&apos;)),&apos;Version&apos;,&apos;2023b&apos;,&apos;Position&apos;,[1 49 1440 782])</P>
    <P Name="NumInputPorts">3</P>
    <P Name="Floating">off</P>
  </Block>
  <Block BlockType="Scope" Name="Scope10" SID="359">
    <PortCounts in="2"/>
    <P Name="Position">[-485, 1181, -455, 1214]</P>
    <P Name="ZOrder">633</P>
    <P Name="ScopeSpecificationString">Simulink.scopes.TimeScopeBlockCfg(&apos;CurrentConfiguration&apos;, extmgr.ConfigurationSet(extmgr.Configuration(&apos;Core&apos;,&apos;General UI&apos;,true),extmgr.Configuration(&apos;Core&apos;,&apos;Source UI&apos;,true),extmgr.Configuration(&apos;Sources&apos;,&apos;WiredSimulink&apos;,true,&apos;DataLoggingVariableName&apos;,&apos;ScopeData3&apos;),extmgr.Configuration(&apos;Visuals&apos;,&apos;Time Domain&apos;,true,&apos;SerializedDisplays&apos;,{struct(&apos;MinYLimReal&apos;,&apos;2.4254&apos;,&apos;MaxYLimReal&apos;,&apos;2.42735&apos;,&apos;YLabelReal&apos;,&apos;&apos;,&apos;MinYLimMag&apos;,&apos;2.4254&apos;,&apos;MaxYLimMag&apos;,&apos;2.42735&apos;,&apos;LegendVisibility&apos;,&apos;off&apos;,&apos;XGrid&apos;,true,&apos;YGrid&apos;,true,&apos;PlotMagPhase&apos;,false,&apos;AxesColor&apos;,[0 0 0],&apos;AxesTickColor&apos;,[0.686274509803922 0.686274509803922 0.686274509803922],&apos;ColorOrder&apos;,[1 1 0.0666666666666667;0.0745098039215686 0.623529411764706 1;1 0.411764705882353 0.16078431372549;0.392156862745098 0.831372549019608 0.0745098039215686;0.717647058823529 0.274509803921569 1;0.0588235294117647 1 1;1 0.0745098039215686 0.650980392156863],&apos;Title&apos;,&apos;%&lt;SignalLabel&gt;&apos;,&apos;LinePropertiesCache&apos;,{{}},&apos;UserDefinedChannelNames&apos;,{{}},&apos;NumLines&apos;,2,&apos;LineNames&apos;,{{&apos;Delay&apos;,&apos;&lt;hyd_torque&gt;&apos;}},&apos;ShowContent&apos;,true,&apos;Placement&apos;,1)},&apos;DisplayPropertyDefaults&apos;,struct(&apos;MinYLimReal&apos;,&apos;2.4254&apos;,&apos;MaxYLimReal&apos;,&apos;2.42735&apos;,&apos;YLabelReal&apos;,&apos;&apos;,&apos;MinYLimMag&apos;,&apos;2.4254&apos;,&apos;MaxYLimMag&apos;,&apos;2.42735&apos;,&apos;LegendVisibility&apos;,&apos;off&apos;,&apos;XGrid&apos;,true,&apos;YGrid&apos;,true,&apos;PlotMagPhase&apos;,false,&apos;AxesColor&apos;,[0 0 0],&apos;AxesTickColor&apos;,[0.686274509803922 0.686274509803922 0.686274509803922],&apos;ColorOrder&apos;,[0.0745098039215686 0.623529411764706 1;1 0.411764705882353 0.16078431372549;1 1 0.0666666666666667;0.717647058823529 0.274509803921569 1;0.392156862745098 0.831372549019608 0.0745098039215686;0.0588235294117647 1 1;1 0.0745098039215686 0.650980392156863])),extmgr.Configuration(&apos;Tools&apos;,&apos;Plot Navigation&apos;,true,&apos;OnceAtStop&apos;,false),extmgr.Configuration(&apos;Tools&apos;,&apos;Measurements&apos;,true,&apos;Version&apos;,&apos;2023a&apos;)),&apos;Version&apos;,&apos;2023a&apos;,&apos;Position&apos;,[1 41 3440 1323])</P>
    <P Name="NumInputPorts">2</P>
    <P Name="Floating">off</P>
  </Block>
  <Block BlockType="Scope" Name="Scope11" SID="360">
    <PortCounts in="1"/>
    <P Name="Position">[-10, 549, 20, 581]</P>
    <P Name="ZOrder">634</P>
    <P Name="ScopeSpecificationString">Simulink.scopes.TimeScopeBlockCfg(&apos;CurrentConfiguration&apos;, extmgr.ConfigurationSet(extmgr.Configuration(&apos;Core&apos;,&apos;General UI&apos;,true),extmgr.Configuration(&apos;Core&apos;,&apos;Source UI&apos;,true),extmgr.Configuration(&apos;Sources&apos;,&apos;WiredSimulink&apos;,true,&apos;DataLoggingVariableName&apos;,&apos;ScopeData4&apos;),extmgr.Configuration(&apos;Visuals&apos;,&apos;Time Domain&apos;,true,&apos;SerializedDisplays&apos;,{struct(&apos;MinYLimReal&apos;,&apos;-83484.48929&apos;,&apos;MaxYLimReal&apos;,&apos;89105.53459&apos;,&apos;YLabelReal&apos;,&apos;&apos;,&apos;MinYLimMag&apos;,&apos;   0.00000&apos;,&apos;MaxYLimMag&apos;,&apos;89105.53459&apos;,&apos;LegendVisibility&apos;,&apos;off&apos;,&apos;XGrid&apos;,true,&apos;YGrid&apos;,true,&apos;PlotMagPhase&apos;,false,&apos;AxesColor&apos;,[0 0 0],&apos;AxesTickColor&apos;,[0.686274509803922 0.686274509803922 0.686274509803922],&apos;ColorOrder&apos;,[1 1 0.0666666666666667;0.0745098039215686 0.623529411764706 1;1 0.411764705882353 0.16078431372549;0.392156862745098 0.831372549019608 0.0745098039215686;0.717647058823529 0.274509803921569 1;0.0588235294117647 1 1;1 0.0745098039215686 0.650980392156863],&apos;Title&apos;,&apos;%&lt;SignalLabel&gt;&apos;,&apos;LinePropertiesCache&apos;,{{}},&apos;UserDefinedChannelNames&apos;,{{}},&apos;NumLines&apos;,1,&apos;LineNames&apos;,{{&apos;Pump/motor Dynamics/omega_dot&apos;}},&apos;ShowContent&apos;,true,&apos;Placement&apos;,1)},&apos;DisplayPropertyDefaults&apos;,struct(&apos;MinYLimReal&apos;,&apos;-83484.48929&apos;,&apos;MaxYLimReal&apos;,&apos;89105.53459&apos;,&apos;YLabelReal&apos;,&apos;&apos;,&apos;MinYLimMag&apos;,&apos;   0.00000&apos;,&apos;MaxYLimMag&apos;,&apos;89105.53459&apos;,&apos;LegendVisibility&apos;,&apos;off&apos;,&apos;XGrid&apos;,true,&apos;YGrid&apos;,true,&apos;PlotMagPhase&apos;,false,&apos;AxesColor&apos;,[0 0 0],&apos;AxesTickColor&apos;,[0.686274509803922 0.686274509803922 0.686274509803922],&apos;ColorOrder&apos;,[0.0745098039215686 0.623529411764706 1;1 0.411764705882353 0.16078431372549;1 1 0.0666666666666667;0.717647058823529 0.274509803921569 1;0.392156862745098 0.831372549019608 0.0745098039215686;0.0588235294117647 1 1;1 0.0745098039215686 0.650980392156863])),extmgr.Configuration(&apos;Tools&apos;,&apos;Plot Navigation&apos;,true),extmgr.Configuration(&apos;Tools&apos;,&apos;Measurements&apos;,true,&apos;Version&apos;,&apos;2023a&apos;)),&apos;Version&apos;,&apos;2023a&apos;,&apos;Position&apos;,[1 41 3440 1323])</P>
    <P Name="NumInputPorts">1</P>
    <P Name="Floating">off</P>
  </Block>
  <Block BlockType="Scope" Name="Scope2" SID="463">
    <PortCounts in="1"/>
    <P Name="Position">[735, 449, 765, 481]</P>
    <P Name="ZOrder">734</P>
    <P Name="ScopeSpecificationString">Simulink.scopes.TimeScopeBlockCfg(&apos;CurrentConfiguration&apos;, extmgr.ConfigurationSet(extmgr.Configuration(&apos;Core&apos;,&apos;General UI&apos;,true),extmgr.Configuration(&apos;Core&apos;,&apos;Source UI&apos;,true),extmgr.Configuration(&apos;Sources&apos;,&apos;WiredSimulink&apos;,true,&apos;DataLoggingVariableName&apos;,&apos;ScopeData2&apos;),extmgr.Configuration(&apos;Visuals&apos;,&apos;Time Domain&apos;,true),extmgr.Configuration(&apos;Tools&apos;,&apos;Plot Navigation&apos;,true),extmgr.Configuration(&apos;Tools&apos;,&apos;Measurements&apos;,true,&apos;Version&apos;,&apos;2023b&apos;)),&apos;Version&apos;,&apos;2023b&apos;,&apos;VisibleAtModelOpen&apos;,&apos;on&apos;)</P>
    <P Name="NumInputPorts">1</P>
    <P Name="Floating">off</P>
  </Block>
  <Block BlockType="Scope" Name="Scope4" SID="309">
    <PortCounts in="1"/>
    <P Name="Position">[-585, 734, -555, 766]</P>
    <P Name="ZOrder">583</P>
    <P Name="ScopeSpecificationString">Simulink.scopes.TimeScopeBlockCfg(&apos;CurrentConfiguration&apos;, extmgr.ConfigurationSet(extmgr.Configuration(&apos;Core&apos;,&apos;General UI&apos;,true),extmgr.Configuration(&apos;Core&apos;,&apos;Source UI&apos;,true),extmgr.Configuration(&apos;Sources&apos;,&apos;WiredSimulink&apos;,true,&apos;DataLoggingVariableName&apos;,&apos;ScopeData1&apos;),extmgr.Configuration(&apos;Visuals&apos;,&apos;Time Domain&apos;,true,&apos;SerializedDisplays&apos;,{struct(&apos;MinYLimReal&apos;,&apos;-37.5&apos;,&apos;MaxYLimReal&apos;,&apos;37.5&apos;,&apos;YLabelReal&apos;,&apos;&apos;,&apos;MinYLimMag&apos;,&apos;0.00000&apos;,&apos;MaxYLimMag&apos;,&apos;37.5&apos;,&apos;LegendVisibility&apos;,&apos;off&apos;,&apos;XGrid&apos;,true,&apos;YGrid&apos;,true,&apos;PlotMagPhase&apos;,false,&apos;AxesColor&apos;,[0 0 0],&apos;AxesTickColor&apos;,[0.686274509803922 0.686274509803922 0.686274509803922],&apos;ColorOrder&apos;,[1 1 0.0666666666666667;0.0745098039215686 0.623529411764706 1;1 0.411764705882353 0.16078431372549;0.392156862745098 0.831372549019608 0.0745098039215686;0.717647058823529 0.274509803921569 1;0.0588235294117647 1 1;1 0.0745098039215686 0.650980392156863],&apos;Title&apos;,&apos;%&lt;SignalLabel&gt;&apos;,&apos;LinePropertiesCache&apos;,{{}},&apos;UserDefinedChannelNames&apos;,{{}},&apos;NumLines&apos;,1,&apos;LineNames&apos;,{{&apos;Controller/T_elec&apos;}},&apos;ShowContent&apos;,true,&apos;Placement&apos;,1)},&apos;DisplayPropertyDefaults&apos;,struct(&apos;MinYLimReal&apos;,&apos;-37.5&apos;,&apos;MaxYLimReal&apos;,&apos;37.5&apos;,&apos;YLabelReal&apos;,&apos;&apos;,&apos;MinYLimMag&apos;,&apos;0.00000&apos;,&apos;MaxYLimMag&apos;,&apos;37.5&apos;,&apos;LegendVisibility&apos;,&apos;off&apos;,&apos;XGrid&apos;,true,&apos;YGrid&apos;,true,&apos;PlotMagPhase&apos;,false,&apos;AxesColor&apos;,[0 0 0],&apos;AxesTickColor&apos;,[0.686274509803922 0.686274509803922 0.686274509803922],&apos;ColorOrder&apos;,[0.0745098039215686 0.623529411764706 1;1 0.411764705882353 0.16078431372549;1 1 0.0666666666666667;0.717647058823529 0.274509803921569 1;0.392156862745098 0.831372549019608 0.0745098039215686;0.0588235294117647 1 1;1 0.0745098039215686 0.650980392156863])),extmgr.Configuration(&apos;Tools&apos;,&apos;Plot Navigation&apos;,true,&apos;OnceAtStop&apos;,false),extmgr.Configuration(&apos;Tools&apos;,&apos;Measurements&apos;,true,&apos;Version&apos;,&apos;2023b&apos;)),&apos;Version&apos;,&apos;2023b&apos;,&apos;Position&apos;,[1 49 1440 782])</P>
    <P Name="NumInputPorts">1</P>
    <P Name="Floating">off</P>
  </Block>
  <Block BlockType="Scope" Name="Scope5" SID="310">
    <PortCounts in="1"/>
    <P Name="Position">[130, 694, 160, 726]</P>
    <P Name="ZOrder">584</P>
    <P Name="ScopeSpecificationString">Simulink.scopes.TimeScopeBlockCfg(&apos;CurrentConfiguration&apos;, extmgr.ConfigurationSet(extmgr.Configuration(&apos;Core&apos;,&apos;General UI&apos;,true),extmgr.Configuration(&apos;Core&apos;,&apos;Source UI&apos;,true),extmgr.Configuration(&apos;Sources&apos;,&apos;WiredSimulink&apos;,true,&apos;DataLoggingVariableName&apos;,&apos;ScopeData2&apos;),extmgr.Configuration(&apos;Visuals&apos;,&apos;Time Domain&apos;,true,&apos;SerializedDisplays&apos;,{struct(&apos;MinYLimReal&apos;,&apos;-37.50085&apos;,&apos;MaxYLimReal&apos;,&apos;337.50761&apos;,&apos;YLabelReal&apos;,&apos;&apos;,&apos;MinYLimMag&apos;,&apos;0.00000&apos;,&apos;MaxYLimMag&apos;,&apos;337.50761&apos;,&apos;LegendVisibility&apos;,&apos;off&apos;,&apos;XGrid&apos;,true,&apos;YGrid&apos;,true,&apos;PlotMagPhase&apos;,false,&apos;AxesColor&apos;,[0 0 0],&apos;AxesTickColor&apos;,[0.686274509803922 0.686274509803922 0.686274509803922],&apos;ColorOrder&apos;,[1 1 0.0666666666666667;0.0745098039215686 0.623529411764706 1;1 0.411764705882353 0.16078431372549;0.392156862745098 0.831372549019608 0.0745098039215686;0.717647058823529 0.274509803921569 1;0.0588235294117647 1 1;1 0.0745098039215686 0.650980392156863],&apos;Title&apos;,&apos;%&lt;SignalLabel&gt;&apos;,&apos;LinePropertiesCache&apos;,{{}},&apos;UserDefinedChannelNames&apos;,{{}},&apos;NumLines&apos;,1,&apos;LineNames&apos;,{{&apos;omega&apos;}},&apos;ShowContent&apos;,true,&apos;Placement&apos;,1)},&apos;DisplayPropertyDefaults&apos;,struct(&apos;MinYLimReal&apos;,&apos;-37.50085&apos;,&apos;MaxYLimReal&apos;,&apos;337.50761&apos;,&apos;YLabelReal&apos;,&apos;&apos;,&apos;MinYLimMag&apos;,&apos;0.00000&apos;,&apos;MaxYLimMag&apos;,&apos;337.50761&apos;,&apos;LegendVisibility&apos;,&apos;off&apos;,&apos;XGrid&apos;,true,&apos;YGrid&apos;,true,&apos;PlotMagPhase&apos;,false,&apos;AxesColor&apos;,[0 0 0],&apos;AxesTickColor&apos;,[0.686274509803922 0.686274509803922 0.686274509803922],&apos;ColorOrder&apos;,[0.0745098039215686 0.623529411764706 1;1 0.411764705882353 0.16078431372549;1 1 0.0666666666666667;0.717647058823529 0.274509803921569 1;0.392156862745098 0.831372549019608 0.0745098039215686;0.0588235294117647 1 1;1 0.0745098039215686 0.650980392156863])),extmgr.Configuration(&apos;Tools&apos;,&apos;Plot Navigation&apos;,true),extmgr.Configuration(&apos;Tools&apos;,&apos;Measurements&apos;,true,&apos;Version&apos;,&apos;2023a&apos;)),&apos;Version&apos;,&apos;2023a&apos;,&apos;Position&apos;,[1 41 3440 1323])</P>
    <P Name="NumInputPorts">1</P>
    <P Name="Floating">off</P>
  </Block>
  <Block BlockType="Scope" Name="Scope6" SID="322">
    <PortCounts in="1"/>
    <P Name="Position">[-1085, 644, -1055, 676]</P>
    <P Name="ZOrder">596</P>
    <P Name="ScopeSpecificationString">Simulink.scopes.TimeScopeBlockCfg(&apos;CurrentConfiguration&apos;, extmgr.ConfigurationSet(extmgr.Configuration(&apos;Core&apos;,&apos;General UI&apos;,true),extmgr.Configuration(&apos;Core&apos;,&apos;Source UI&apos;,true),extmgr.Configuration(&apos;Sources&apos;,&apos;WiredSimulink&apos;,true,&apos;DataLoggingVariableName&apos;,&apos;ScopeData3&apos;),extmgr.Configuration(&apos;Visuals&apos;,&apos;Time Domain&apos;,true,&apos;SerializedDisplays&apos;,{struct(&apos;MinYLimReal&apos;,&apos;10000000.00000&apos;,&apos;MaxYLimReal&apos;,&apos;30000000.00000&apos;,&apos;YLabelReal&apos;,&apos;&apos;,&apos;MinYLimMag&apos;,&apos;10000000.00000&apos;,&apos;MaxYLimMag&apos;,&apos;30000000.00000&apos;,&apos;LegendVisibility&apos;,&apos;off&apos;,&apos;XGrid&apos;,true,&apos;YGrid&apos;,true,&apos;PlotMagPhase&apos;,false,&apos;AxesColor&apos;,[0 0 0],&apos;AxesTickColor&apos;,[0.686274509803922 0.686274509803922 0.686274509803922],&apos;ColorOrder&apos;,[1 1 0.0666666666666667;0.0745098039215686 0.623529411764706 1;1 0.411764705882353 0.16078431372549;0.392156862745098 0.831372549019608 0.0745098039215686;0.717647058823529 0.274509803921569 1;0.0588235294117647 1 1;1 0.0745098039215686 0.650980392156863],&apos;Title&apos;,&apos;%&lt;SignalLabel&gt;&apos;,&apos;LinePropertiesCache&apos;,{{struct(&apos;Marker&apos;,&apos;o&apos;,&apos;MarkerSize&apos;,8)}},&apos;UserDefinedChannelNames&apos;,{{}},&apos;NumLines&apos;,1,&apos;LineNames&apos;,{{&apos;Constant6&apos;}},&apos;ShowContent&apos;,true,&apos;Placement&apos;,1)},&apos;DisplayPropertyDefaults&apos;,struct(&apos;MinYLimReal&apos;,&apos;10000000.00000&apos;,&apos;MaxYLimReal&apos;,&apos;30000000.00000&apos;,&apos;YLabelReal&apos;,&apos;&apos;,&apos;MinYLimMag&apos;,&apos;10000000.00000&apos;,&apos;MaxYLimMag&apos;,&apos;30000000.00000&apos;,&apos;LegendVisibility&apos;,&apos;off&apos;,&apos;XGrid&apos;,true,&apos;YGrid&apos;,true,&apos;PlotMagPhase&apos;,false,&apos;AxesColor&apos;,[0 0 0],&apos;AxesTickColor&apos;,[0.686274509803922 0.686274509803922 0.686274509803922],&apos;ColorOrder&apos;,[0.0745098039215686 0.623529411764706 1;1 0.411764705882353 0.16078431372549;1 1 0.0666666666666667;0.717647058823529 0.274509803921569 1;0.392156862745098 0.831372549019608 0.0745098039215686;0.0588235294117647 1 1;1 0.0745098039215686 0.650980392156863])),extmgr.Configuration(&apos;Tools&apos;,&apos;Plot Navigation&apos;,true),extmgr.Configuration(&apos;Tools&apos;,&apos;Measurements&apos;,true,&apos;Version&apos;,&apos;2023b&apos;)),&apos;Version&apos;,&apos;2023b&apos;,&apos;Position&apos;,[-1000 -211 1442 833.5])</P>
    <P Name="NumInputPorts">1</P>
    <P Name="Floating">off</P>
  </Block>
  <Block BlockType="Scope" Name="Scope8" SID="347">
    <PortCounts in="1"/>
    <P Name="Position">[260, 549, 290, 581]</P>
    <P Name="ZOrder">621</P>
    <P Name="ScopeSpecificationString">Simulink.scopes.TimeScopeBlockCfg(&apos;CurrentConfiguration&apos;, extmgr.ConfigurationSet(extmgr.Configuration(&apos;Core&apos;,&apos;General UI&apos;,true),extmgr.Configuration(&apos;Core&apos;,&apos;Source UI&apos;,true),extmgr.Configuration(&apos;Sources&apos;,&apos;WiredSimulink&apos;,true,&apos;DataLoggingVariableName&apos;,&apos;ScopeData1&apos;),extmgr.Configuration(&apos;Visuals&apos;,&apos;Time Domain&apos;,true,&apos;SerializedDisplays&apos;,{struct(&apos;MinYLimReal&apos;,&apos;-3.05451&apos;,&apos;MaxYLimReal&apos;,&apos;27.49059&apos;,&apos;YLabelReal&apos;,&apos;&apos;,&apos;MinYLimMag&apos;,&apos;0.00000&apos;,&apos;MaxYLimMag&apos;,&apos;27.49059&apos;,&apos;LegendVisibility&apos;,&apos;off&apos;,&apos;XGrid&apos;,true,&apos;YGrid&apos;,true,&apos;PlotMagPhase&apos;,false,&apos;AxesColor&apos;,[0 0 0],&apos;AxesTickColor&apos;,[0.686274509803922 0.686274509803922 0.686274509803922],&apos;ColorOrder&apos;,[1 1 0.0666666666666667;0.0745098039215686 0.623529411764706 1;1 0.411764705882353 0.16078431372549;0.392156862745098 0.831372549019608 0.0745098039215686;0.717647058823529 0.274509803921569 1;0.0588235294117647 1 1;1 0.0745098039215686 0.650980392156863],&apos;Title&apos;,&apos;%&lt;SignalLabel&gt;&apos;,&apos;LinePropertiesCache&apos;,{{}},&apos;UserDefinedChannelNames&apos;,{{}},&apos;NumLines&apos;,1,&apos;LineNames&apos;,{{&apos;Integrator1&apos;}},&apos;ShowContent&apos;,true,&apos;Placement&apos;,1)},&apos;DisplayPropertyDefaults&apos;,struct(&apos;MinYLimReal&apos;,&apos;-3.05451&apos;,&apos;MaxYLimReal&apos;,&apos;27.49059&apos;,&apos;YLabelReal&apos;,&apos;&apos;,&apos;MinYLimMag&apos;,&apos;0.00000&apos;,&apos;MaxYLimMag&apos;,&apos;27.49059&apos;,&apos;LegendVisibility&apos;,&apos;off&apos;,&apos;XGrid&apos;,true,&apos;YGrid&apos;,true,&apos;PlotMagPhase&apos;,false,&apos;AxesColor&apos;,[0 0 0],&apos;AxesTickColor&apos;,[0.686274509803922 0.686274509803922 0.686274509803922],&apos;ColorOrder&apos;,[0.0745098039215686 0.623529411764706 1;1 0.411764705882353 0.16078431372549;1 1 0.0666666666666667;0.717647058823529 0.274509803921569 1;0.392156862745098 0.831372549019608 0.0745098039215686;0.0588235294117647 1 1;1 0.0745098039215686 0.650980392156863])),extmgr.Configuration(&apos;Tools&apos;,&apos;Plot Navigation&apos;,true,&apos;OnceAtStop&apos;,false),extmgr.Configuration(&apos;Tools&apos;,&apos;Measurements&apos;,true,&apos;Version&apos;,&apos;2023a&apos;)),&apos;Version&apos;,&apos;2023a&apos;,&apos;Position&apos;,[1 41 3440 1323])</P>
    <P Name="NumInputPorts">1</P>
    <P Name="Floating">off</P>
  </Block>
  <Block BlockType="Math" Name="Square" SID="459">
    <PortCounts in="1" out="1"/>
    <P Name="Position">[185, 1420, 215, 1450]</P>
    <P Name="ZOrder">730</P>
    <P Name="Operator">square</P>
  </Block>
  <Block BlockType="Sum" Name="Subtract1" SID="420">
    <PortCounts in="2" out="1"/>
    <P Name="Position">[745, 912, 775, 943]</P>
    <P Name="ZOrder">691</P>
    <P Name="IconShape">rectangular</P>
    <P Name="Inputs">+-</P>
  </Block>
  <Block BlockType="Sum" Name="Subtract2" SID="427">
    <PortCounts in="2" out="1"/>
    <P Name="Position">[765, 1067, 795, 1098]</P>
    <P Name="ZOrder">698</P>
    <P Name="IconShape">rectangular</P>
    <P Name="Inputs">+-</P>
  </Block>
  <Block BlockType="Sum" Name="Subtract3" SID="435">
    <PortCounts in="2" out="1"/>
    <P Name="Position">[765, 1222, 795, 1253]</P>
    <P Name="ZOrder">706</P>
    <P Name="IconShape">rectangular</P>
    <P Name="Inputs">+-</P>
  </Block>
  <Block BlockType="Display" Name="Throttling Loss 1" SID="438">
    <PortCounts in="1"/>
    <P Name="Position">[1010, 1265, 1070, 1285]</P>
    <P Name="ZOrder">709</P>
    <P Name="Decimation">1</P>
  </Block>
  <Block BlockType="Display" Name="Throttling Loss 2" SID="423">
    <PortCounts in="1"/>
    <P Name="Position">[1010, 950, 1070, 970]</P>
    <P Name="ZOrder">694</P>
    <P Name="Decimation">1</P>
  </Block>
  <Block BlockType="Display" Name="Throttling Loss 3" SID="430">
    <PortCounts in="1"/>
    <P Name="Position">[1010, 1105, 1070, 1125]</P>
    <P Name="ZOrder">701</P>
    <P Name="Decimation">1</P>
  </Block>
  <Block BlockType="ToWorkspace" Name="To Workspace" SID="306">
    <PortCounts in="1"/>
    <P Name="Position">[1045, 465, 1135, 495]</P>
    <P Name="ZOrder">580</P>
    <P Name="VariableName">P1</P>
    <P Name="MaxDataPoints">inf</P>
    <P Name="SaveFormat">Timeseries</P>
    <P Name="FixptAsFi">on</P>
    <P Name="SampleTime">-1</P>
  </Block>
  <Block BlockType="ToWorkspace" Name="To Workspace3" SID="330">
    <PortCounts in="1"/>
    <P Name="Position">[-585, 800, -495, 830]</P>
    <P Name="ZOrder">604</P>
    <P Name="VariableName">T_elec</P>
    <P Name="MaxDataPoints">inf</P>
    <P Name="SaveFormat">Timeseries</P>
    <P Name="FixptAsFi">on</P>
    <P Name="SampleTime">-1</P>
  </Block>
  <Block BlockType="ToWorkspace" Name="To Workspace4" SID="342">
    <PortCounts in="1"/>
    <P Name="Position">[365, 695, 455, 725]</P>
    <P Name="ZOrder">616</P>
    <P Name="VariableName">omega</P>
    <P Name="MaxDataPoints">inf</P>
    <P Name="SaveFormat">Timeseries</P>
    <P Name="FixptAsFi">on</P>
    <P Name="SampleTime">-1</P>
  </Block>
  <Block BlockType="Display" Name="Work Out" SID="444">
    <PortCounts in="1"/>
    <P Name="Position">[440, 1069, 500, 1091]</P>
    <P Name="ZOrder">715</P>
    <P Name="Decimation">1</P>
  </Block>
  <Block BlockType="Display" Name="revs" SID="121">
    <PortCounts in="1"/>
    <P Name="Position">[400, 620, 460, 640]</P>
    <P Name="ZOrder">405</P>
    <P Name="Decimation">1</P>
  </Block>
  <Line>
    <P Name="ZOrder">113</P>
    <P Name="Src">117#out:1</P>
    <P Name="Points">[22, 0]</P>
    <Branch>
      <P Name="ZOrder">795</P>
      <P Name="Points">[0, -110]</P>
      <P Name="Dst">334#in:1</P>
    </Branch>
    <Branch>
      <P Name="ZOrder">794</P>
      <P Name="Points">[17, 0]</P>
      <Branch>
        <P Name="ZOrder">955</P>
        <P Name="Points">[0, -65]</P>
        <P Name="Dst">360#in:1</P>
      </Branch>
      <Branch>
        <P Name="ZOrder">954</P>
        <P Name="Dst">119#in:1</P>
      </Branch>
    </Branch>
  </Line>
  <Line>
    <P Name="Name">omega</P>
    <P Name="ZOrder">114</P>
    <P Name="Src">119#out:1</P>
    <P Name="Points">[37, 0]</P>
    <Branch>
      <P Name="ZOrder">767</P>
      <P Name="Labels">[1, 0]</P>
      <P Name="Points">[0, 80]</P>
      <P Name="Dst">310#in:1</P>
    </Branch>
    <Branch>
      <P Name="ZOrder">556</P>
      <P Name="Points">[0, -95]</P>
      <P Name="Dst">228#in:1</P>
    </Branch>
    <Branch>
      <P Name="ZOrder">555</P>
      <P Name="Points">[29, 0]</P>
      <Branch>
        <P Name="ZOrder">809</P>
        <P Name="Points">[0, 40; 74, 0; 0, 40]</P>
        <P Name="Dst">342#in:1</P>
      </Branch>
      <Branch>
        <P Name="ZOrder">808</P>
        <P Name="Dst">120#in:1</P>
      </Branch>
    </Branch>
  </Line>
  <Line>
    <P Name="ZOrder">117</P>
    <P Name="Src">120#out:1</P>
    <P Name="Points">[33, 0]</P>
    <Branch>
      <P Name="ZOrder">933</P>
      <P Name="Points">[0, -65]</P>
      <P Name="Dst">347#in:1</P>
    </Branch>
    <Branch>
      <P Name="ZOrder">932</P>
      <P Name="Dst">122#in:1</P>
    </Branch>
  </Line>
  <Line>
    <P Name="ZOrder">118</P>
    <P Name="Src">122#out:1</P>
    <P Name="Dst">121#in:1</P>
  </Line>
  <Line>
    <P Name="ZOrder">130</P>
    <P Name="Src">128#out:1</P>
    <P Name="Points">[33, 0; 0, 45]</P>
    <P Name="Dst">129#in:1</P>
  </Line>
  <Line>
    <P Name="Name">P1</P>
    <P Name="ZOrder">132</P>
    <P Name="Src">129#out:1</P>
    <P Name="Points">[66, 0]</P>
    <Branch>
      <P Name="ZOrder">768</P>
      <P Name="Labels">[1, 1]</P>
      <P Name="Points">[0, 95]</P>
      <P Name="Dst">225#in:1</P>
    </Branch>
    <Branch>
      <P Name="ZOrder">677</P>
      <P Name="Points">[0, -70]</P>
      <Branch>
        <P Name="ZOrder">676</P>
        <P Name="Points">[0, -80]</P>
        <P Name="Dst">306#in:1</P>
      </Branch>
      <Branch>
        <P Name="ZOrder">226</P>
        <P Name="Dst">143#in:1</P>
      </Branch>
    </Branch>
    <Branch>
      <P Name="ZOrder">220</P>
      <P Name="Dst">132#in:1</P>
    </Branch>
  </Line>
  <Line>
    <P Name="ZOrder">260</P>
    <P Name="Src">149#out:1</P>
    <P Name="Points">[32, 0; 0, -40]</P>
    <P Name="Dst">144#in:5</P>
  </Line>
  <Line>
    <P Name="ZOrder">545</P>
    <P Name="Src">219#out:1</P>
    <P Name="Dst">117#in:2</P>
  </Line>
  <Line>
    <P Name="ZOrder">546</P>
    <P Name="Src">220#out:1</P>
    <P Name="Points">[22, 0; 0, 15]</P>
    <P Name="Dst">117#in:1</P>
  </Line>
  <Line>
    <P Name="ZOrder">548</P>
    <P Name="Src">144#out:3</P>
    <P Name="Points">[27, 0; 0, -30]</P>
    <P Name="Dst">221#in:1</P>
  </Line>
  <Line>
    <P Name="ZOrder">549</P>
    <P Name="Src">222#out:1</P>
    <P Name="Points">[33, 0]</P>
    <Branch>
      <P Name="ZOrder">1262</P>
      <P Name="Points">[0, 30]</P>
      <P Name="Dst">128#in:1</P>
    </Branch>
    <Branch>
      <P Name="ZOrder">1261</P>
      <P Name="Points">[0, -50]</P>
      <P Name="Dst">463#in:1</P>
    </Branch>
  </Line>
  <Line>
    <P Name="ZOrder">550</P>
    <P Name="Src">144#out:1</P>
    <P Name="Points">[39, 0; 0, -50]</P>
    <Branch>
      <P Name="ZOrder">1211</P>
      <P Name="Points">[0, -50]</P>
      <Branch>
        <P Name="ZOrder">1149</P>
        <P Name="Points">[0, -65]</P>
        <P Name="Dst">309#in:1</P>
      </Branch>
      <Branch>
        <P Name="ZOrder">792</P>
        <P Name="Dst">330#in:1</P>
      </Branch>
    </Branch>
    <Branch>
      <P Name="ZOrder">1167</P>
      <P Name="Dst">223#in:1</P>
    </Branch>
  </Line>
  <Line>
    <P Name="ZOrder">551</P>
    <P Name="Src">224#out:1</P>
    <P Name="Points">[25, 0; 0, -15]</P>
    <P Name="Dst">117#in:3</P>
  </Line>
  <Line>
    <P Name="ZOrder">553</P>
    <P Name="Src">226#out:1</P>
    <P Name="Points">[66, 0; 0, 75]</P>
    <P Name="Dst">144#in:1</P>
  </Line>
  <Line>
    <P Name="ZOrder">787</P>
    <P Name="Src">328#out:1</P>
    <P Name="Points">[22, 0; 0, 65]</P>
    <P Name="Dst">144#in:2</P>
  </Line>
  <Line>
    <P Name="ZOrder">557</P>
    <P Name="Src">229#out:1</P>
    <P Name="Dst">116#in:1</P>
  </Line>
  <Line>
    <P Name="ZOrder">558</P>
    <P Name="Src">116#out:1</P>
    <P Name="Dst">230#in:1</P>
  </Line>
  <Line>
    <P Name="ZOrder">563</P>
    <P Name="Src">236#out:1</P>
    <P Name="Points">[12, 0; 0, -25]</P>
    <P Name="Dst">144#in:4</P>
  </Line>
  <Line>
    <P Name="ZOrder">566</P>
    <P Name="Src">144#out:2</P>
    <P Name="Points">[49, 0; 0, -40; 41, 0]</P>
    <P Name="Dst">237#in:1</P>
  </Line>
  <Line>
    <P Name="ZOrder">598</P>
    <P Name="Src">117#out:2</P>
    <P Name="Points">[32, 0]</P>
    <Branch>
      <P Name="ZOrder">600</P>
      <P Name="Points">[0, 45]</P>
      <Branch>
        <P Name="ZOrder">942</P>
        <P Name="Points">[0, 45]</P>
        <P Name="Dst">353#in:1</P>
      </Branch>
      <Branch>
        <P Name="ZOrder">941</P>
        <P Name="Dst">281#in:1</P>
      </Branch>
    </Branch>
    <Branch>
      <P Name="ZOrder">599</P>
      <P Name="Dst">280#in:1</P>
    </Branch>
  </Line>
  <Line>
    <P Name="ZOrder">770</P>
    <P Name="Src">313#out:1</P>
    <P Name="Points">[43, 0; 0, -45]</P>
    <P Name="Dst">129#in:2</P>
  </Line>
  <Line>
    <P Name="ZOrder">771</P>
    <P Name="Src">314#out:1</P>
    <P Name="Dst">312#in:1</P>
  </Line>
  <Line>
    <P Name="ZOrder">1185</P>
    <P Name="Src">251#out:1</P>
    <P Name="Points">[43, 0]</P>
    <Branch>
      <P Name="ZOrder">1188</P>
      <P Name="Dst">252#in:1</P>
    </Branch>
    <Branch>
      <P Name="ZOrder">1187</P>
      <P Name="Points">[0, -55]</P>
      <P Name="Dst">322#in:1</P>
    </Branch>
  </Line>
  <Line>
    <P Name="ZOrder">948</P>
    <P Name="Src">357#out:1</P>
    <P Name="Points">[15, 0]</P>
    <Branch>
      <P Name="ZOrder">951</P>
      <P Name="Points">[0, 41; 108, 0; 0, -31]</P>
      <P Name="Dst">359#in:2</P>
    </Branch>
    <Branch>
      <P Name="ZOrder">950</P>
      <P Name="Dst">356#in:1</P>
    </Branch>
  </Line>
  <Line>
    <P Name="ZOrder">949</P>
    <P Name="Src">356#out:1</P>
    <P Name="Points">[24, 0]</P>
    <Branch>
      <P Name="ZOrder">953</P>
      <P Name="Points">[0, -31; -298, 0; 0, -79]</P>
      <P Name="Dst">144#in:6</P>
    </Branch>
    <Branch>
      <P Name="ZOrder">952</P>
      <P Name="Points">[3, 0; 0, -5]</P>
      <P Name="Dst">359#in:1</P>
    </Branch>
  </Line>
  <Line>
    <P Name="ZOrder">1098</P>
    <P Name="Src">235#out:1</P>
    <P Name="Dst">144#in:3</P>
  </Line>
  <Line>
    <P Name="ZOrder">1159</P>
    <P Name="Src">391#out:1</P>
    <P Name="Points">[72, 0; 0, 35]</P>
    <P Name="Dst">381#in:1</P>
  </Line>
  <Line>
    <P Name="ZOrder">1148</P>
    <P Name="Src">381#out:1</P>
    <P Name="Dst">383#in:1</P>
  </Line>
  <Line>
    <P Name="ZOrder">1151</P>
    <P Name="Src">384#out:1</P>
    <P Name="Points">[13, 0; 0, 15]</P>
    <P Name="Dst">381#in:2</P>
  </Line>
  <Line>
    <P Name="ZOrder">1153</P>
    <P Name="Src">386#out:1</P>
    <P Name="Points">[35, 0; 0, -50]</P>
    <P Name="Dst">381#in:3</P>
  </Line>
  <Line>
    <P Name="ZOrder">1179</P>
    <P Name="Src">144#out:4</P>
    <P Name="Points">[35, 0; 0, -20; 19, 0]</P>
    <Branch>
      <P Name="ZOrder">1254</P>
      <P Name="Points">[0, 30; 96, 0; 0, 25]</P>
      <P Name="Dst">462#in:1</P>
    </Branch>
    <Branch>
      <P Name="ZOrder">1253</P>
      <P Name="Dst">405#in:1</P>
    </Branch>
  </Line>
  <Line>
    <P Name="ZOrder">1181</P>
    <P Name="Src">407#out:1</P>
    <P Name="Points">[42, 0; 0, -60]</P>
    <P Name="Dst">144#in:7</P>
  </Line>
  <Line>
    <P Name="ZOrder">1194</P>
    <P Name="Src">416#out:1</P>
    <P Name="Points">[12, 0]</P>
    <Branch>
      <P Name="ZOrder">1247</P>
      <P Name="Dst">128#in:3</P>
    </Branch>
    <Branch>
      <P Name="ZOrder">1246</P>
      <P Name="Points">[0, -30]</P>
      <P Name="Dst">417#in:1</P>
    </Branch>
  </Line>
  <Line>
    <P Name="ZOrder">1195</P>
    <P Name="Src">417#out:1</P>
    <P Name="Dst">128#in:2</P>
  </Line>
  <Line>
    <P Name="ZOrder">1199</P>
    <P Name="Src">415#out:1</P>
    <P Name="Points">[20, 0; 0, 15]</P>
    <P Name="Dst">420#in:1</P>
  </Line>
  <Line>
    <P Name="ZOrder">1200</P>
    <P Name="Src">419#out:1</P>
    <P Name="Points">[20, 0; 0, -10]</P>
    <P Name="Dst">420#in:2</P>
  </Line>
  <Line>
    <P Name="ZOrder">1201</P>
    <P Name="Src">414#out:1</P>
    <P Name="Points">[75, 0; 0, -20]</P>
    <P Name="Dst">421#in:2</P>
  </Line>
  <Line>
    <P Name="ZOrder">1202</P>
    <P Name="Src">420#out:1</P>
    <P Name="Points">[35, 0; 0, 20]</P>
    <P Name="Dst">421#in:1</P>
  </Line>
  <Line>
    <P Name="ZOrder">1203</P>
    <P Name="Src">421#out:1</P>
    <P Name="Dst">422#in:1</P>
  </Line>
  <Line>
    <P Name="ZOrder">1204</P>
    <P Name="Src">422#out:1</P>
    <P Name="Dst">423#in:1</P>
  </Line>
  <Line>
    <P Name="ZOrder">1207</P>
    <P Name="Src">427#out:1</P>
    <P Name="Points">[20, 0; 0, 20]</P>
    <P Name="Dst">428#in:1</P>
  </Line>
  <Line>
    <P Name="ZOrder">1208</P>
    <P Name="Src">424#out:1</P>
    <P Name="Points">[120, 0; 0, -20]</P>
    <P Name="Dst">428#in:2</P>
  </Line>
  <Line>
    <P Name="ZOrder">1209</P>
    <P Name="Src">428#out:1</P>
    <P Name="Dst">429#in:1</P>
  </Line>
  <Line>
    <P Name="ZOrder">1210</P>
    <P Name="Src">429#out:1</P>
    <P Name="Dst">430#in:1</P>
  </Line>
  <Line>
    <P Name="ZOrder">1212</P>
    <P Name="Src">144#out:6</P>
    <P Name="Points">[27, 0; 0, 20; 33, 0]</P>
    <Branch>
      <P Name="ZOrder">1258</P>
      <P Name="Points">[0, -35]</P>
      <P Name="Dst">462#in:3</P>
    </Branch>
    <Branch>
      <P Name="ZOrder">1257</P>
      <P Name="Dst">433#in:1</P>
    </Branch>
  </Line>
  <Line>
    <P Name="ZOrder">1213</P>
    <P Name="Src">434#out:1</P>
    <P Name="Points">[28, 0; 0, -15]</P>
    <P Name="Dst">435#in:2</P>
  </Line>
  <Line>
    <P Name="ZOrder">1214</P>
    <P Name="Src">432#out:1</P>
    <P Name="Points">[30, 0; 0, 20]</P>
    <P Name="Dst">435#in:1</P>
  </Line>
  <Line>
    <P Name="ZOrder">1215</P>
    <P Name="Src">435#out:1</P>
    <P Name="Points">[20, 0; 0, 25]</P>
    <P Name="Dst">437#in:1</P>
  </Line>
  <Line>
    <P Name="ZOrder">1216</P>
    <P Name="Src">431#out:1</P>
    <P Name="Points">[120, 0; 0, -30]</P>
    <P Name="Dst">437#in:2</P>
  </Line>
  <Line>
    <P Name="ZOrder">1217</P>
    <P Name="Src">437#out:1</P>
    <P Name="Dst">436#in:1</P>
  </Line>
  <Line>
    <P Name="ZOrder">1218</P>
    <P Name="Src">436#out:1</P>
    <P Name="Dst">438#in:1</P>
  </Line>
  <Line>
    <P Name="ZOrder">1219</P>
    <P Name="Src">441#out:1</P>
    <P Name="Points">[30, 0; 0, 20]</P>
    <P Name="Dst">442#in:1</P>
  </Line>
  <Line>
    <P Name="ZOrder">1220</P>
    <P Name="Src">439#out:1</P>
    <P Name="Points">[25, 0; 0, -25]</P>
    <P Name="Dst">442#in:2</P>
  </Line>
  <Line>
    <P Name="ZOrder">1221</P>
    <P Name="Src">442#out:1</P>
    <P Name="Dst">443#in:1</P>
  </Line>
  <Line>
    <P Name="ZOrder">1222</P>
    <P Name="Src">443#out:1</P>
    <P Name="Dst">444#in:1</P>
  </Line>
  <Line>
    <P Name="ZOrder">1229</P>
    <P Name="Src">448#out:1</P>
    <P Name="Dst">450#in:1</P>
  </Line>
  <Line>
    <P Name="ZOrder">1230</P>
    <P Name="Src">447#out:1</P>
    <P Name="Dst">449#in:1</P>
  </Line>
  <Line>
    <P Name="ZOrder">1233</P>
    <P Name="Src">452#out:1</P>
    <P Name="Dst">454#in:1</P>
  </Line>
  <Line>
    <P Name="ZOrder">1234</P>
    <P Name="Src">451#out:1</P>
    <P Name="Points">[28, 0; 0, -30]</P>
    <P Name="Dst">454#in:2</P>
  </Line>
  <Line>
    <P Name="ZOrder">1235</P>
    <P Name="Src">454#out:1</P>
    <P Name="Dst">453#in:1</P>
  </Line>
  <Line>
    <P Name="ZOrder">1236</P>
    <P Name="Src">453#out:1</P>
    <P Name="Dst">455#in:1</P>
  </Line>
  <Line>
    <P Name="ZOrder">1237</P>
    <P Name="Src">455#out:1</P>
    <P Name="Dst">456#in:1</P>
  </Line>
  <Line>
    <P Name="ZOrder">1238</P>
    <P Name="Src">457#out:1</P>
    <P Name="Dst">460#in:1</P>
  </Line>
  <Line>
    <P Name="ZOrder">1239</P>
    <P Name="Src">458#out:1</P>
    <P Name="Dst">459#in:1</P>
  </Line>
  <Line>
    <P Name="ZOrder">1240</P>
    <P Name="Src">459#out:1</P>
    <P Name="Dst">457#in:1</P>
  </Line>
  <Line>
    <P Name="ZOrder">1241</P>
    <P Name="Src">460#out:1</P>
    <P Name="Dst">461#in:1</P>
  </Line>
  <Line>
    <P Name="ZOrder">1242</P>
    <P Name="Src">426#out:1</P>
    <P Name="Dst">427#in:2</P>
  </Line>
  <Line>
    <P Name="ZOrder">1243</P>
    <P Name="Src">425#out:1</P>
    <P Name="Points">[35, 0; 0, 25]</P>
    <P Name="Dst">427#in:1</P>
  </Line>
  <Line>
    <P Name="ZOrder">1180</P>
    <P Name="Src">144#out:5</P>
    <P Name="Points">[49, 0]</P>
    <Branch>
      <P Name="ZOrder">1256</P>
      <P Name="Points">[0, 30; 80, 0; 0, -20]</P>
      <P Name="Dst">462#in:2</P>
    </Branch>
    <Branch>
      <P Name="ZOrder">1255</P>
      <P Name="Dst">406#in:1</P>
    </Branch>
  </Line>
  <Annotation SID="2">
    <P Name="Position">[-530, 114, 202, 440]</P>
    <P Name="InternalMargins">[0, 0, 0, 0]</P>
    <P Name="ImagePath">[$unpackedFolder]/simulink/resources/mwimg_647312f3-8f61-45fe-82e6-c3187c19bc99.png</P>
    <P Name="FixedHeight">on</P>
    <P Name="FixedWidth">on</P>
    <P Name="AnnotationType">image_annotation</P>
    <P Name="ZOrder">-2</P>
  </Annotation>
</System>
