<?xml version="1.0" encoding="utf-8"?>
<Stateflow>
  <machine id="26">
    <P Name="sfVersion">80000068</P>
    <Children>
      <target id="85" name="sfun">
        <P Name="description">Default Simulink S-Function Target.</P>
      </target>
      <chart Ref="chart_27"/>
      <chart Ref="chart_38"/>
      <chart Ref="chart_46"/>
      <chart Ref="chart_56"/>
      <chart Ref="chart_75"/>
    </Children>
  </machine>
  <instance id="37">
    <P Name="machine">26</P>
    <P Name="name">Pump//motor Dynamics</P>
    <P Name="chart">27</P>
  </instance>
  <instance id="45">
    <P Name="machine">26</P>
    <P Name="name">Hydraulic Pump//Motor</P>
    <P Name="chart">38</P>
  </instance>
  <instance id="55">
    <P Name="machine">26</P>
    <P Name="name">Linear Actuator Chamber</P>
    <P Name="chart">46</P>
  </instance>
  <instance id="74">
    <P Name="machine">26</P>
    <P Name="name">Controller</P>
    <P Name="chart">56</P>
  </instance>
  <instance id="84">
    <P Name="machine">26</P>
    <P Name="name">MATLAB Function1</P>
    <P Name="chart">75</P>
  </instance>
</Stateflow>
