<?xml version="1.0" encoding="utf-8"?>
<Stateflow>
  <machine id="20">
    <P Name="sfVersion">80000068</P>
    <Children>
      <target id="84" name="sfun">
        <P Name="description">Default Simulink S-Function Target.</P>
      </target>
      <chart Ref="chart_21"/>
      <chart Ref="chart_32"/>
      <chart Ref="chart_40"/>
      <chart Ref="chart_50"/>
      <chart Ref="chart_60"/>
      <chart Ref="chart_68"/>
    </Children>
  </machine>
  <instance id="31">
    <P Name="machine">20</P>
    <P Name="name">Pump//motor Dynamics</P>
    <P Name="chart">21</P>
  </instance>
  <instance id="39">
    <P Name="machine">20</P>
    <P Name="name">Hydraulic Pump//Motor</P>
    <P Name="chart">32</P>
  </instance>
  <instance id="49">
    <P Name="machine">20</P>
    <P Name="name">First Valve</P>
    <P Name="chart">40</P>
  </instance>
  <instance id="59">
    <P Name="machine">20</P>
    <P Name="name">Second//Fourth Valve</P>
    <P Name="chart">50</P>
  </instance>
  <instance id="67">
    <P Name="machine">20</P>
    <P Name="name">Linear Actuator Chamber</P>
    <P Name="chart">60</P>
  </instance>
  <instance id="83">
    <P Name="machine">20</P>
    <P Name="name">Controller</P>
    <P Name="chart">68</P>
  </instance>
</Stateflow>
