<?xml version="1.0" encoding="UTF-8" standalone="yes" ?>
<cp:coreProperties xmlns:cp="http://schemas.openxmlformats.org/package/2006/metadata/core-properties" xmlns:dc="http://purl.org/dc/elements/1.1/" xmlns:dcmitype="http://purl.org/dc/dcmitype/" xmlns:dcterms="http://purl.org/dc/terms/" xmlns:xsi="http://www.w3.org/2001/XMLSchema-instance">
  <cp:category>model</cp:category>
  <cp:contentStatus></cp:contentStatus>
  <dcterms:created xsi:type="dcterms:W3CDTF">2024-06-02T20:13:25Z</dcterms:created>
  <dc:creator>user</dc:creator>
  <cp:lastModifiedBy>user</cp:lastModifiedBy>
  <dcterms:modified xsi:type="dcterms:W3CDTF">2024-06-13T19:47:38Z</dcterms:modified>
  <cp:revision>1.15</cp:revision>
  <cp:version>R2023b</cp:version>
</cp:coreProperties>
