<?xml version="1.0" encoding="utf-8"?>
<ModelInformation Version="1.0">
  <Model>
    <P Name="ModelUUID">1beee7b0-ffa2-472c-b670-1225b8c18824</P>
    <P Name="SLXCompressionType">None</P>
    <P Name="InitFcn">%% Parameters

param = struct();

% Volume of chambers 
param.V1_0 = 1e-3;
param.V2_0 = 20e-6;

% Pressure rails
param.P_H = 20e6;
param.P_M = 10e6;

% Valve things
param.max_Avt = 0.5*0.25*pi*(20e-3)^2;
param.Cd = 0.6;

% Fluid properties
param.beta = 1.8e9;
param.rho = 870;

% Electric motor stuff
param.Kt = 70.5e-3;
param.Ke = 70.5e-3;
param.J_elec = 1530e-7;

% Pump things
param.J_hyd = 3000e-7;
param.hyd_D = 1.6e-6;    % In cc/rev

% Simulation time
T = 1;
param.on_time = 0;

% Linear Actuator Piston
param.Acap = 0.0045;

</P>
    <P Name="LastSavedArchitecture">win64</P>
    <ConfigManagerSettings>
      <P Name="ModifiedByFormat">%&lt;Auto&gt;</P>
      <P Name="ModifiedDateFormat">%&lt;Auto&gt;</P>
      <P Name="ModelVersionFormat">%&lt;AutoIncrement:2.2&gt;</P>
    </ConfigManagerSettings>
    <SimulationSettings>
      <P Name="SimulationMode">normal</P>
      <Object PropName="DataLoggingOverride" ObjectID="1" ClassName="Simulink.SimulationData.ModelLoggingInfo">
        <P Name="model_" Class="char">$bdroot</P>
        <P Name="overrideMode_" Class="uint32">0U</P>
        <Array PropName="logAsSpecifiedByModels_" Type="Cell" Dimension="1*1">
          <Cell Class="char">$bdroot</Cell>
        </Array>
        <Array PropName="logAsSpecifiedByModelsSSIDs_" Type="Cell" Dimension="1*1">
          <Cell Class="double">[]</Cell>
        </Array>
      </Object>
    </SimulationSettings>
    <EngineSettings>
      <P Name="ConfigurableSubsystemUsage">warning</P>
    </EngineSettings>
    <ConcurrentExecutionSettings>
      <Object PropName="DataTransfer" ObjectID="2" ClassName="Simulink.GlobalDataTransfer">
        <P Name="DefaultTransitionBetweenSyncTasks" Class="char">Ensure deterministic transfer (maximum delay)</P>
        <P Name="DefaultTransitionBetweenAsyncTasks" Class="char">Ensure data integrity only</P>
        <P Name="DefaultTransitionBetweenContTasks" Class="char">Ensure deterministic transfer (minimum delay)</P>
        <P Name="DefaultExtrapolationMethodBetweenContTasks" Class="char">None</P>
      </Object>
    </ConcurrentExecutionSettings>
    <System Ref="system_root"/>
  </Model>
</ModelInformation>
