<?xml version="1.0" encoding="UTF-8"?>
<sltp_editor version="1.1" packageUris="http://schema.mathworks.com/mf0/DiagramEditor/R2019a_20181107 http://schema.mathworks.com/mf0/SltpSyntax/R2023b_202303220000">
  <sltp.mm.syntax.Context type="sltp.mm.syntax.Context" uuid="20dc8e00-e5db-4ba2-930d-fb200eb49fdc">
    <rootGraph type="sltp.mm.syntax.Graph" uuid="84c33d9c-247d-48a2-b7cd-264b26e58866">
      <children type="sltp.mm.syntax.Node" uuid="21d0c24a-833d-43b7-9e29-f98eea88274f">
        <priority>40</priority>
        <rates type="sltp.mm.syntax.RateData">
          <color>#000000</color>
          <hasBlocks>true</hasBlocks>
          <rate>0</rate>
          <title>Cont</title>
        </rates>
        <rates type="sltp.mm.syntax.RateData">
          <color>#ff453a</color>
          <hasBlocks>true</hasBlocks>
          <rate>1e-06</rate>
          <title>D1</title>
        </rates>
        <title>Cont</title>
        <type>base</type>
        <diagramElement type="diagram.editor.model.Entity" uuid="9f1835d8-99be-4bc6-8923-b1cbb6bafb4c"/>
        <subgraph type="sltp.mm.syntax.Graph" uuid="62fae74d-7fd5-4631-bd6f-a4cdba8ddad4">
          <title>Cont</title>
          <diagramElement type="diagram.editor.model.Diagram" uuid="2a8ce53b-bc4e-494c-b513-6fa713e8ecca"/>
        </subgraph>
      </children>
      <title>Default</title>
      <diagramElement type="diagram.editor.model.Diagram" uuid="7cbaad6a-f060-49fb-a3cb-a251878007c0"/>
    </rootGraph>
  </sltp.mm.syntax.Context>
  <diagram.editor.model.Diagram type="diagram.editor.model.Diagram" uuid="7cbaad6a-f060-49fb-a3cb-a251878007c0">
    <entities type="diagram.editor.model.Entity" uuid="9f1835d8-99be-4bc6-8923-b1cbb6bafb4c">
      <position>0,0</position>
      <size>0,0,0,0</size>
      <syntaxElement type="sltp.mm.syntax.Node" uuid="21d0c24a-833d-43b7-9e29-f98eea88274f"/>
      <title>Cont</title>
      <type>base</type>
      <subDiagram type="diagram.editor.model.Diagram" uuid="2a8ce53b-bc4e-494c-b513-6fa713e8ecca">
        <position>0,0</position>
        <syntaxElement type="sltp.mm.syntax.Graph" uuid="62fae74d-7fd5-4631-bd6f-a4cdba8ddad4"/>
        <title>Cont</title>
        <type>graph.Graph</type>
      </subDiagram>
    </entities>
    <syntaxElement type="sltp.mm.syntax.Graph" uuid="84c33d9c-247d-48a2-b7cd-264b26e58866"/>
    <title>Default</title>
    <type>graph.Graph</type>
  </diagram.editor.model.Diagram>
</sltp_editor>