<?xml version="1.0" encoding="utf-8"?>
<System>
  <P Name="Location">[223, 338, 826, 833]</P>
  <P Name="SIDHighWatermark">34</P>
  <Block BlockType="Inport" Name="P3" SID="117::28">
    <P Name="Position">[20, 101, 40, 119]</P>
    <P Name="ZOrder">19</P>
    <PortProperties>
      <Port Type="out" Index="1">
        <P Name="PropagatedSignals">P3</P>
      </Port>
    </PortProperties>
  </Block>
  <Block BlockType="Inport" Name="P4" SID="117::30">
    <P Name="Position">[20, 136, 40, 154]</P>
    <P Name="ZOrder">21</P>
    <P Name="Port">2</P>
    <PortProperties>
      <Port Type="out" Index="1">
        <P Name="PropagatedSignals">P4</P>
      </Port>
    </PortProperties>
  </Block>
  <Block BlockType="Inport" Name="T_elec" SID="117::29">
    <P Name="Position">[20, 171, 40, 189]</P>
    <P Name="ZOrder">20</P>
    <P Name="Port">3</P>
    <PortProperties>
      <Port Type="out" Index="1">
        <P Name="PropagatedSignals">T_elec</P>
      </Port>
    </PortProperties>
  </Block>
  <Block BlockType="Demux" Name=" Demux " SID="117::33">
    <PortCounts in="1" out="1"/>
    <P Name="Position">[270, 230, 320, 270]</P>
    <P Name="ZOrder">24</P>
    <P Name="Outputs">1</P>
  </Block>
  <Block BlockType="S-Function" Name=" SFunction " SID="117::32">
    <P Name="Tag">Stateflow S-Function 1</P>
    <PortCounts in="3" out="3"/>
    <P Name="Position">[180, 100, 230, 180]</P>
    <P Name="ZOrder">23</P>
    <P Name="FunctionName">sf_sfun</P>
    <P Name="Parameters">param</P>
    <P Name="PortCounts">[3 3]</P>
    <P Name="SFunctionDeploymentMode">off</P>
    <P Name="EnableBusSupport">on</P>
    <P Name="SFcnIsStateOwnerBlock">off</P>
    <PortProperties>
      <Port Type="out" Index="2">
        <P Name="Name">omega_dot</P>
      </Port>
      <Port Type="out" Index="3">
        <P Name="Name">hyd_torque</P>
      </Port>
    </PortProperties>
  </Block>
  <Block BlockType="Terminator" Name=" Terminator " SID="117::34">
    <P Name="Position">[460, 241, 480, 259]</P>
    <P Name="ZOrder">25</P>
  </Block>
  <Block BlockType="Outport" Name="omega_dot" SID="117::5">
    <P Name="Position">[460, 101, 480, 119]</P>
    <P Name="ZOrder">-5</P>
  </Block>
  <Block BlockType="Outport" Name="hyd_torque" SID="117::31">
    <P Name="Position">[460, 136, 480, 154]</P>
    <P Name="ZOrder">22</P>
    <P Name="Port">2</P>
  </Block>
  <Line>
    <P Name="ZOrder">42</P>
    <P Name="Src">117::28#out:1</P>
    <P Name="Dst">117::32#in:1</P>
  </Line>
  <Line>
    <P Name="ZOrder">43</P>
    <P Name="Src">117::30#out:1</P>
    <P Name="Dst">117::32#in:2</P>
  </Line>
  <Line>
    <P Name="ZOrder">44</P>
    <P Name="Src">117::29#out:1</P>
    <P Name="Dst">117::32#in:3</P>
  </Line>
  <Line>
    <P Name="Name">omega_dot</P>
    <P Name="ZOrder">45</P>
    <P Name="Labels">[0, 0]</P>
    <P Name="Src">117::32#out:2</P>
    <P Name="Dst">117::5#in:1</P>
  </Line>
  <Line>
    <P Name="Name">hyd_torque</P>
    <P Name="ZOrder">46</P>
    <P Name="Labels">[0, 0]</P>
    <P Name="Src">117::32#out:3</P>
    <P Name="Dst">117::31#in:1</P>
  </Line>
  <Line>
    <P Name="ZOrder">47</P>
    <P Name="Src">117::33#out:1</P>
    <P Name="Dst">117::34#in:1</P>
  </Line>
  <Line>
    <P Name="ZOrder">48</P>
    <P Name="Src">117::32#out:1</P>
    <P Name="Dst">117::33#in:1</P>
  </Line>
</System>
