<?xml version="1.0" encoding="utf-8"?>
<System>
  <P Name="Location">[223, 338, 826, 833]</P>
  <P Name="SIDHighWatermark">35</P>
  <Block BlockType="Inport" Name="omega" SID="116::28">
    <P Name="Position">[20, 101, 40, 119]</P>
    <P Name="ZOrder">19</P>
    <PortProperties>
      <Port Type="out" Index="1">
        <P Name="PropagatedSignals">omega</P>
      </Port>
    </PortProperties>
  </Block>
  <Block BlockType="Demux" Name=" Demux " SID="116::34">
    <PortCounts in="1" out="1"/>
    <P Name="Position">[270, 230, 320, 270]</P>
    <P Name="ZOrder">21</P>
    <P Name="Outputs">1</P>
  </Block>
  <Block BlockType="S-Function" Name=" SFunction " SID="116::33">
    <P Name="Tag">Stateflow S-Function 2</P>
    <PortCounts in="1" out="2"/>
    <P Name="Position">[180, 100, 230, 160]</P>
    <P Name="ZOrder">20</P>
    <P Name="FunctionName">sf_sfun</P>
    <P Name="Parameters">param</P>
    <P Name="PortCounts">[1 2]</P>
    <P Name="SFunctionDeploymentMode">off</P>
    <P Name="EnableBusSupport">on</P>
    <P Name="SFcnIsStateOwnerBlock">off</P>
    <PortProperties>
      <Port Type="out" Index="2">
        <P Name="Name">Q_hyd</P>
      </Port>
    </PortProperties>
  </Block>
  <Block BlockType="Terminator" Name=" Terminator " SID="116::35">
    <P Name="Position">[460, 241, 480, 259]</P>
    <P Name="ZOrder">22</P>
  </Block>
  <Block BlockType="Outport" Name="Q_hyd" SID="116::5">
    <P Name="Position">[460, 101, 480, 119]</P>
    <P Name="ZOrder">-5</P>
  </Block>
  <Line>
    <P Name="ZOrder">83</P>
    <P Name="Src">116::28#out:1</P>
    <P Name="Dst">116::33#in:1</P>
  </Line>
  <Line>
    <P Name="Name">Q_hyd</P>
    <P Name="ZOrder">84</P>
    <P Name="Labels">[0, 0]</P>
    <P Name="Src">116::33#out:2</P>
    <P Name="Dst">116::5#in:1</P>
  </Line>
  <Line>
    <P Name="ZOrder">85</P>
    <P Name="Src">116::34#out:1</P>
    <P Name="Dst">116::35#in:1</P>
  </Line>
  <Line>
    <P Name="ZOrder">86</P>
    <P Name="Src">116::33#out:1</P>
    <P Name="Dst">116::34#in:1</P>
  </Line>
</System>
