<?xml version="1.0" encoding="utf-8"?>
<System>
  <P Name="Location">[-1, -6, 1441, 854]</P>
  <P Name="Open">on</P>
  <P Name="ZoomFactor">40</P>
  <P Name="ReportName">simulink-default.rpt</P>
  <P Name="SIDHighWatermark">362</P>
  <Block BlockType="Sum" Name="Add" SID="287">
    <PortCounts in="5" out="1"/>
    <P Name="Position">[925, 1756, 985, 1884]</P>
    <P Name="ZOrder">564</P>
    <P Name="IconShape">rectangular</P>
    <P Name="Inputs">+++++</P>
  </Block>
  <Block BlockType="Sum" Name="Add1" SID="345">
    <PortCounts in="2" out="1"/>
    <P Name="Position">[1180, 962, 1210, 993]</P>
    <P Name="ZOrder">619</P>
    <P Name="IconShape">rectangular</P>
  </Block>
  <Block BlockType="Clock" Name="Clock" SID="317">
    <P Name="Position">[-1245, 705, -1225, 725]</P>
    <P Name="ZOrder">591</P>
  </Block>
  <Block BlockType="Clock" Name="Clock1" SID="329">
    <P Name="Position">[-895, 1080, -875, 1100]</P>
    <P Name="ZOrder">603</P>
  </Block>
  <Block BlockType="Constant" Name="Constant" SID="149">
    <P Name="Position">[-985, 1030, -955, 1060]</P>
    <P Name="ZOrder">428</P>
    <P Name="Value">0.05</P>
  </Block>
  <Block BlockType="Constant" Name="Constant2" SID="125">
    <P Name="Position">[-310, 910, -180, 940]</P>
    <P Name="ZOrder">409</P>
    <P Name="Value">param.max_Avt</P>
  </Block>
  <Block BlockType="Constant" Name="Constant3" SID="127">
    <P Name="Position">[-310, 1150, -180, 1180]</P>
    <P Name="ZOrder">411</P>
    <P Name="Value">param.max_Avt</P>
  </Block>
  <Block BlockType="Constant" Name="Constant5" SID="243">
    <P Name="Position">[690, 812, 770, 838]</P>
    <P Name="ZOrder">520</P>
    <P Name="Value">param.P_H</P>
  </Block>
  <Block BlockType="Constant" Name="Constant6" SID="251">
    <P Name="Position">[-1275, 667, -1195, 693]</P>
    <P Name="ZOrder">528</P>
    <P Name="Value">param.P_H</P>
  </Block>
  <Block BlockType="Constant" Name="Constant7" SID="314">
    <P Name="Position">[-1185, 507, -1105, 533]</P>
    <P Name="ZOrder">588</P>
    <P Name="Value">param.P_M</P>
  </Block>
  <Block BlockType="SubSystem" Name="Controller" SID="144">
    <PortCounts in="7" out="3"/>
    <P Name="Position">[-795, 916, -680, 1064]</P>
    <P Name="ZOrder">423</P>
    <P Name="LibrarySourceBlock">simulink/User-Defined
Functions/MATLAB Function</P>
    <P Name="ErrorFcn">Stateflow.Translate.translate</P>
    <P Name="PermitHierarchicalResolution">ExplicitOnly</P>
    <P Name="TreatAsAtomicUnit">on</P>
    <P Name="SFBlockType">MATLAB Function</P>
    <P Name="ContentPreviewEnabled">on</P>
    <PortProperties>
      <Port Type="out" Index="1">
        <P Name="PropagatedSignals">T_elec</P>
      </Port>
      <Port Type="out" Index="2">
        <P Name="PropagatedSignals">Pin</P>
      </Port>
      <Port Type="out" Index="3">
        <P Name="PropagatedSignals">Q_supply</P>
      </Port>
    </PortProperties>
    <System Ref="system_144"/>
  </Block>
  <Block BlockType="Delay" Name="Delay" SID="356">
    <PortCounts in="1" out="1"/>
    <P Name="Position">[-585, 1178, -550, 1212]</P>
    <P Name="ZOrder">630</P>
    <P Name="InputPortMap">u0</P>
    <P Name="DelayLength">1</P>
  </Block>
  <Block BlockType="Display" Name="Display" SID="281">
    <PortCounts in="1"/>
    <P Name="Position">[-5, 715, 50, 735]</P>
    <P Name="ZOrder">558</P>
    <P Name="Decimation">1</P>
  </Block>
  <Block BlockType="Display" Name="Display1" SID="143">
    <PortCounts in="1"/>
    <P Name="Position">[1060, 550, 1120, 570]</P>
    <P Name="ZOrder">422</P>
    <P Name="Decimation">1</P>
  </Block>
  <Block BlockType="Display" Name="Display2" SID="318">
    <PortCounts in="1"/>
    <P Name="Position">[-1165, 764, -1090, 786]</P>
    <P Name="ZOrder">592</P>
    <P Name="Decimation">1</P>
  </Block>
  <Block BlockType="Display" Name="Energy In" SID="248">
    <PortCounts in="1"/>
    <P Name="Position">[1025, 825, 1085, 845]</P>
    <P Name="ZOrder">525</P>
    <P Name="Decimation">1</P>
  </Block>
  <Block BlockType="Display" Name="Energy In1" SID="301">
    <PortCounts in="1"/>
    <P Name="Position">[1025, 1985, 1080, 2005]</P>
    <P Name="ZOrder">578</P>
    <P Name="Decimation">1</P>
  </Block>
  <Block BlockType="Display" Name="Energy Out" SID="298">
    <PortCounts in="1"/>
    <P Name="Position">[1025, 1810, 1080, 1830]</P>
    <P Name="ZOrder">575</P>
    <P Name="Decimation">1</P>
  </Block>
  <Block BlockType="SubSystem" Name="First Valve" SID="123">
    <PortCounts in="3" out="1"/>
    <P Name="Position">[-100, 810, 70, 950]</P>
    <P Name="ZOrder">407</P>
    <P Name="ErrorFcn">Stateflow.Translate.translate</P>
    <P Name="PermitHierarchicalResolution">ExplicitOnly</P>
    <P Name="TreatAsAtomicUnit">on</P>
    <P Name="SFBlockType">MATLAB Function</P>
    <P Name="ContentPreviewEnabled">on</P>
    <PortProperties>
      <Port Type="out" Index="1">
        <P Name="Name">P3</P>
        <P Name="PropagatedSignals">P3</P>
      </Port>
    </PortProperties>
    <System Ref="system_123"/>
  </Block>
  <Block BlockType="From" Name="From" SID="219">
    <P Name="Position">[-335, 640, -295, 670]</P>
    <P Name="ZOrder">498</P>
    <P Name="GotoTag">P4</P>
    <PortProperties>
      <Port Type="out" Index="1">
        <P Name="PropagatedSignals">P4</P>
      </Port>
    </PortProperties>
  </Block>
  <Block BlockType="From" Name="From1" SID="220">
    <P Name="Position">[-335, 595, -295, 625]</P>
    <P Name="ZOrder">499</P>
    <P Name="GotoTag">P3</P>
    <PortProperties>
      <Port Type="out" Index="1">
        <P Name="PropagatedSignals">P3</P>
      </Port>
    </PortProperties>
  </Block>
  <Block BlockType="From" Name="From10" SID="238">
    <P Name="Position">[-240, 1060, -200, 1090]</P>
    <P Name="ZOrder">517</P>
    <P Name="GotoTag">Pin</P>
    <PortProperties>
      <Port Type="out" Index="1">
        <P Name="PropagatedSignals">Pin</P>
      </Port>
    </PortProperties>
  </Block>
  <Block BlockType="From" Name="From11" SID="246">
    <P Name="Position">[695, 850, 770, 880]</P>
    <P Name="ZOrder">523</P>
    <P Name="GotoTag">Q_supply</P>
    <PortProperties>
      <Port Type="out" Index="1">
        <P Name="PropagatedSignals">Q_supply</P>
      </Port>
    </PortProperties>
  </Block>
  <Block BlockType="From" Name="From12" SID="253">
    <P Name="Position">[-265, 820, -215, 850]</P>
    <P Name="ZOrder">530</P>
    <P Name="GotoTag">Pdes</P>
  </Block>
  <Block BlockType="From" Name="From13" SID="254">
    <P Name="Position">[600, 935, 650, 965]</P>
    <P Name="ZOrder">531</P>
    <P Name="GotoTag">Pdes</P>
  </Block>
  <Block BlockType="From" Name="From14" SID="255">
    <P Name="Position">[605, 970, 645, 1000]</P>
    <P Name="ZOrder">532</P>
    <P Name="GotoTag">P3</P>
    <PortProperties>
      <Port Type="out" Index="1">
        <P Name="PropagatedSignals">P3</P>
      </Port>
    </PortProperties>
  </Block>
  <Block BlockType="From" Name="From15" SID="256">
    <P Name="Position">[595, 1010, 655, 1040]</P>
    <P Name="ZOrder">533</P>
    <P Name="GotoTag">Q_hyd</P>
    <PortProperties>
      <Port Type="out" Index="1">
        <P Name="PropagatedSignals">Q_hyd</P>
      </Port>
    </PortProperties>
  </Block>
  <Block BlockType="From" Name="From16" SID="267">
    <P Name="Position">[605, 1115, 645, 1145]</P>
    <P Name="ZOrder">544</P>
    <P Name="GotoTag">Pin</P>
    <PortProperties>
      <Port Type="out" Index="1">
        <P Name="PropagatedSignals">Pin</P>
      </Port>
    </PortProperties>
  </Block>
  <Block BlockType="From" Name="From17" SID="268">
    <P Name="Position">[605, 1080, 645, 1110]</P>
    <P Name="ZOrder">545</P>
    <P Name="GotoTag">P4</P>
    <PortProperties>
      <Port Type="out" Index="1">
        <P Name="PropagatedSignals">P4</P>
      </Port>
    </PortProperties>
  </Block>
  <Block BlockType="From" Name="From18" SID="261">
    <P Name="Position">[595, 1155, 655, 1185]</P>
    <P Name="ZOrder">540</P>
    <P Name="GotoTag">Q_hyd</P>
    <PortProperties>
      <Port Type="out" Index="1">
        <P Name="PropagatedSignals">Q_hyd</P>
      </Port>
    </PortProperties>
  </Block>
  <Block BlockType="From" Name="From19" SID="270">
    <P Name="Position">[725, 1250, 765, 1280]</P>
    <P Name="ZOrder">547</P>
    <P Name="GotoTag">P1</P>
    <PortProperties>
      <Port Type="out" Index="1">
        <P Name="PropagatedSignals">P1</P>
      </Port>
    </PortProperties>
  </Block>
  <Block BlockType="From" Name="From2" SID="222">
    <P Name="Position">[590, 560, 665, 590]</P>
    <P Name="ZOrder">501</P>
    <P Name="GotoTag">Q_supply</P>
    <PortProperties>
      <Port Type="out" Index="1">
        <P Name="PropagatedSignals">Q_supply</P>
      </Port>
    </PortProperties>
  </Block>
  <Block BlockType="From" Name="From20" SID="271">
    <P Name="Position">[690, 1285, 765, 1315]</P>
    <P Name="ZOrder">548</P>
    <P Name="GotoTag">Q_supply</P>
    <PortProperties>
      <Port Type="out" Index="1">
        <P Name="PropagatedSignals">Q_supply</P>
      </Port>
    </PortProperties>
  </Block>
  <Block BlockType="From" Name="From21" SID="276">
    <P Name="Position">[400, 1410, 460, 1440]</P>
    <P Name="ZOrder">553</P>
    <P Name="GotoTag">omega</P>
    <PortProperties>
      <Port Type="out" Index="1">
        <P Name="PropagatedSignals">omega</P>
      </Port>
    </PortProperties>
  </Block>
  <Block BlockType="From" Name="From22" SID="283">
    <P Name="Position">[580, 1530, 640, 1560]</P>
    <P Name="ZOrder">560</P>
    <P Name="GotoTag">T_elec</P>
    <PortProperties>
      <Port Type="out" Index="1">
        <P Name="PropagatedSignals">T_elec</P>
      </Port>
    </PortProperties>
  </Block>
  <Block BlockType="From" Name="From23" SID="284">
    <P Name="Position">[580, 1575, 640, 1605]</P>
    <P Name="ZOrder">561</P>
    <P Name="GotoTag">omega</P>
    <PortProperties>
      <Port Type="out" Index="1">
        <P Name="PropagatedSignals">omega</P>
      </Port>
    </PortProperties>
  </Block>
  <Block BlockType="From" Name="From24" SID="289">
    <P Name="Position">[780, 1715, 860, 1745]</P>
    <P Name="ZOrder">566</P>
    <P Name="GotoTag">Throttle_1</P>
  </Block>
  <Block BlockType="From" Name="From25" SID="291">
    <P Name="Position">[780, 1755, 860, 1785]</P>
    <P Name="ZOrder">568</P>
    <P Name="GotoTag">Throttle_2</P>
  </Block>
  <Block BlockType="From" Name="From26" SID="293">
    <P Name="Position">[780, 1795, 860, 1825]</P>
    <P Name="ZOrder">570</P>
    <P Name="GotoTag">Work_Out</P>
  </Block>
  <Block BlockType="From" Name="From27" SID="295">
    <P Name="Position">[750, 1835, 860, 1865]</P>
    <P Name="ZOrder">572</P>
    <P Name="GotoTag">Kinetic_Energy</P>
  </Block>
  <Block BlockType="From" Name="From28" SID="297">
    <P Name="Position">[800, 1875, 860, 1905]</P>
    <P Name="ZOrder">574</P>
    <P Name="GotoTag">Regen</P>
  </Block>
  <Block BlockType="From" Name="From29" SID="300">
    <P Name="Position">[810, 1980, 895, 2010]</P>
    <P Name="ZOrder">577</P>
    <P Name="GotoTag">Energy_In</P>
  </Block>
  <Block BlockType="From" Name="From3" SID="224">
    <P Name="Position">[-355, 685, -295, 715]</P>
    <P Name="ZOrder">503</P>
    <P Name="GotoTag">T_elec</P>
    <PortProperties>
      <Port Type="out" Index="1">
        <P Name="PropagatedSignals">T_elec</P>
      </Port>
    </PortProperties>
  </Block>
  <Block BlockType="From" Name="From30" SID="313">
    <P Name="Position">[740, 665, 805, 695]</P>
    <P Name="ZOrder">587</P>
    <P Name="GotoTag">P_initial</P>
  </Block>
  <Block BlockType="From" Name="From31" SID="321">
    <P Name="Position">[-1280, 735, -1215, 765]</P>
    <P Name="ZOrder">595</P>
    <P Name="GotoTag">P_initial</P>
  </Block>
  <Block BlockType="From" Name="From32" SID="328">
    <P Name="Position">[-975, 895, -925, 925]</P>
    <P Name="ZOrder">602</P>
    <P Name="GotoTag">Pdes</P>
  </Block>
  <Block BlockType="From" Name="From33" SID="332">
    <P Name="Position">[1265, 1110, 1325, 1140]</P>
    <P Name="ZOrder">606</P>
    <P Name="GotoTag">omega</P>
    <PortProperties>
      <Port Type="out" Index="1">
        <P Name="PropagatedSignals">omega</P>
      </Port>
    </PortProperties>
  </Block>
  <Block BlockType="From" Name="From34" SID="335">
    <P Name="Position">[1230, 1155, 1300, 1185]</P>
    <P Name="ZOrder">609</P>
    <P Name="GotoTag">omega_dot</P>
    <PortProperties>
      <Port Type="out" Index="1">
        <P Name="PropagatedSignals">omega_dot</P>
      </Port>
    </PortProperties>
  </Block>
  <Block BlockType="From" Name="From35" SID="357">
    <P Name="Position">[-720, 1180, -630, 1210]</P>
    <P Name="ZOrder">631</P>
    <P Name="GotoTag">hyd_torque</P>
    <PortProperties>
      <Port Type="out" Index="1">
        <P Name="PropagatedSignals">hyd_torque</P>
      </Port>
    </PortProperties>
  </Block>
  <Block BlockType="From" Name="From4" SID="226">
    <P Name="Position">[-970, 850, -930, 880]</P>
    <P Name="ZOrder">505</P>
    <P Name="GotoTag">P1</P>
    <PortProperties>
      <Port Type="out" Index="1">
        <P Name="PropagatedSignals">P1</P>
      </Port>
    </PortProperties>
  </Block>
  <Block BlockType="From" Name="From5" SID="229">
    <P Name="Position">[-875, 625, -815, 655]</P>
    <P Name="ZOrder">508</P>
    <P Name="GotoTag">omega</P>
    <PortProperties>
      <Port Type="out" Index="1">
        <P Name="PropagatedSignals">omega</P>
      </Port>
    </PortProperties>
  </Block>
  <Block BlockType="From" Name="From6" SID="232">
    <P Name="Position">[-265, 865, -205, 895]</P>
    <P Name="ZOrder">511</P>
    <P Name="GotoTag">Q_hyd</P>
    <PortProperties>
      <Port Type="out" Index="1">
        <P Name="PropagatedSignals">Q_hyd</P>
      </Port>
    </PortProperties>
  </Block>
  <Block BlockType="From" Name="From7" SID="233">
    <P Name="Position">[-250, 1105, -190, 1135]</P>
    <P Name="ZOrder">512</P>
    <P Name="GotoTag">Q_hyd</P>
    <PortProperties>
      <Port Type="out" Index="1">
        <P Name="PropagatedSignals">Q_hyd</P>
      </Port>
    </PortProperties>
  </Block>
  <Block BlockType="From" Name="From8" SID="235">
    <P Name="Position">[-985, 940, -925, 970]</P>
    <P Name="ZOrder">514</P>
    <P Name="GotoTag">Q_hyd</P>
    <PortProperties>
      <Port Type="out" Index="1">
        <P Name="PropagatedSignals">Q_hyd</P>
      </Port>
    </PortProperties>
  </Block>
  <Block BlockType="From" Name="From9" SID="236">
    <P Name="Position">[-985, 985, -925, 1015]</P>
    <P Name="ZOrder">515</P>
    <P Name="GotoTag">omega</P>
    <PortProperties>
      <Port Type="out" Index="1">
        <P Name="PropagatedSignals">omega</P>
      </Port>
    </PortProperties>
  </Block>
  <Block BlockType="Gain" Name="Gain" SID="122">
    <P Name="Position">[260, 600, 330, 660]</P>
    <P Name="ZOrder">406</P>
    <P Name="Gain">60/(2*pi)</P>
  </Block>
  <Block BlockType="Gain" Name="Gain1" SID="277">
    <P Name="Position">[580, 1364, 745, 1486]</P>
    <P Name="ZOrder">554</P>
    <P Name="Gain">param.J_elec+param.J_hyd</P>
  </Block>
  <Block BlockType="Gain" Name="Gain2" SID="279">
    <P Name="Position">[830, 1405, 875, 1445]</P>
    <P Name="ZOrder">556</P>
    <P Name="Gain">0.5</P>
  </Block>
  <Block BlockType="Gain" Name="Gain3" SID="331">
    <P Name="Position">[1440, 1084, 1605, 1206]</P>
    <P Name="ZOrder">605</P>
    <P Name="Gain">param.J_elec+param.J_hyd</P>
  </Block>
  <Block BlockType="Goto" Name="Goto" SID="217">
    <P Name="Position">[240, 800, 280, 830]</P>
    <P Name="ZOrder">496</P>
    <P Name="GotoTag">P3</P>
  </Block>
  <Block BlockType="Goto" Name="Goto1" SID="218">
    <P Name="Position">[210, 1050, 250, 1080]</P>
    <P Name="ZOrder">497</P>
    <P Name="GotoTag">P4</P>
  </Block>
  <Block BlockType="Goto" Name="Goto10" SID="290">
    <P Name="Position">[1005, 1205, 1085, 1235]</P>
    <P Name="ZOrder">567</P>
    <P Name="GotoTag">Throttle_2</P>
  </Block>
  <Block BlockType="Goto" Name="Goto11" SID="292">
    <P Name="Position">[1005, 1335, 1085, 1365]</P>
    <P Name="ZOrder">569</P>
    <P Name="GotoTag">Work_Out</P>
  </Block>
  <Block BlockType="Goto" Name="Goto12" SID="294">
    <P Name="Position">[975, 1470, 1085, 1500]</P>
    <P Name="ZOrder">571</P>
    <P Name="GotoTag">Kinetic_Energy</P>
  </Block>
  <Block BlockType="Goto" Name="Goto13" SID="296">
    <P Name="Position">[1025, 1610, 1085, 1640]</P>
    <P Name="ZOrder">573</P>
    <P Name="GotoTag">Regen</P>
  </Block>
  <Block BlockType="Goto" Name="Goto14" SID="299">
    <P Name="Position">[1000, 880, 1085, 910]</P>
    <P Name="ZOrder">576</P>
    <P Name="GotoTag">Energy_In</P>
  </Block>
  <Block BlockType="Goto" Name="Goto15" SID="312">
    <P Name="Position">[-1045, 505, -980, 535]</P>
    <P Name="ZOrder">586</P>
    <P Name="GotoTag">P_initial</P>
  </Block>
  <Block BlockType="Goto" Name="Goto16" SID="334">
    <P Name="Position">[-35, 505, 35, 535]</P>
    <P Name="ZOrder">608</P>
    <P Name="GotoTag">omega_dot</P>
  </Block>
  <Block BlockType="Goto" Name="Goto17" SID="353">
    <P Name="Position">[5, 755, 95, 785]</P>
    <P Name="ZOrder">627</P>
    <P Name="GotoTag">hyd_torque</P>
  </Block>
  <Block BlockType="Goto" Name="Goto2" SID="221">
    <P Name="Position">[-640, 1040, -565, 1070]</P>
    <P Name="ZOrder">500</P>
    <P Name="GotoTag">Q_supply</P>
  </Block>
  <Block BlockType="Goto" Name="Goto3" SID="223">
    <P Name="Position">[-625, 935, -565, 965]</P>
    <P Name="ZOrder">502</P>
    <P Name="GotoTag">T_elec</P>
  </Block>
  <Block BlockType="Goto" Name="Goto4" SID="225">
    <P Name="Position">[1070, 710, 1110, 740]</P>
    <P Name="ZOrder">504</P>
    <P Name="GotoTag">P1</P>
  </Block>
  <Block BlockType="Goto" Name="Goto5" SID="228">
    <P Name="Position">[110, 520, 170, 550]</P>
    <P Name="ZOrder">507</P>
    <P Name="GotoTag">omega</P>
  </Block>
  <Block BlockType="Goto" Name="Goto6" SID="230">
    <P Name="Position">[-605, 625, -545, 655]</P>
    <P Name="ZOrder">509</P>
    <P Name="GotoTag">Q_hyd</P>
  </Block>
  <Block BlockType="Goto" Name="Goto7" SID="237">
    <P Name="Position">[-615, 990, -575, 1020]</P>
    <P Name="ZOrder">516</P>
    <P Name="GotoTag">Pin</P>
  </Block>
  <Block BlockType="Goto" Name="Goto8" SID="252">
    <P Name="Position">[-1030, 700, -980, 730]</P>
    <P Name="ZOrder">529</P>
    <P Name="GotoTag">Pdes</P>
  </Block>
  <Block BlockType="Goto" Name="Goto9" SID="288">
    <P Name="Position">[1005, 1050, 1085, 1080]</P>
    <P Name="ZOrder">565</P>
    <P Name="GotoTag">Throttle_1</P>
  </Block>
  <Block BlockType="SubSystem" Name="Hydraulic Pump/Motor" SID="116">
    <PortCounts in="1" out="1"/>
    <P Name="Position">[-770, 592, -650, 688]</P>
    <P Name="ZOrder">400</P>
    <P Name="ErrorFcn">Stateflow.Translate.translate</P>
    <P Name="PermitHierarchicalResolution">ExplicitOnly</P>
    <P Name="TreatAsAtomicUnit">on</P>
    <P Name="SFBlockType">MATLAB Function</P>
    <P Name="ContentPreviewEnabled">on</P>
    <PortProperties>
      <Port Type="out" Index="1">
        <P Name="PropagatedSignals">Q_hyd</P>
      </Port>
    </PortProperties>
    <System Ref="system_116"/>
  </Block>
  <Block BlockType="Integrator" Name="Integrator" SID="119">
    <PortCounts in="1" out="1"/>
    <P Name="Position">[5, 615, 35, 645]</P>
    <P Name="ZOrder">403</P>
    <PortProperties>
      <Port Type="out" Index="1">
        <P Name="Name">omega</P>
      </Port>
    </PortProperties>
  </Block>
  <Block BlockType="Integrator" Name="Integrator1" SID="120">
    <PortCounts in="1" out="1"/>
    <P Name="Position">[135, 615, 165, 645]</P>
    <P Name="ZOrder">404</P>
  </Block>
  <Block BlockType="Integrator" Name="Integrator2" SID="129">
    <PortCounts in="2" out="1"/>
    <P Name="Position">[900, 612, 930, 643]</P>
    <P Name="ZOrder">413</P>
    <P Name="InitialConditionSource">external</P>
    <P Name="InitialCondition">param.P_M</P>
    <PortProperties>
      <Port Type="out" Index="1">
        <P Name="Name">P1</P>
      </Port>
    </PortProperties>
  </Block>
  <Block BlockType="Integrator" Name="Integrator3" SID="247">
    <PortCounts in="1" out="1"/>
    <P Name="Position">[925, 820, 955, 850]</P>
    <P Name="ZOrder">524</P>
  </Block>
  <Block BlockType="Integrator" Name="Integrator4" SID="257">
    <PortCounts in="1" out="1"/>
    <P Name="Position">[925, 995, 955, 1025]</P>
    <P Name="ZOrder">534</P>
  </Block>
  <Block BlockType="Integrator" Name="Integrator5" SID="262">
    <PortCounts in="1" out="1"/>
    <P Name="Position">[925, 1140, 955, 1170]</P>
    <P Name="ZOrder">541</P>
  </Block>
  <Block BlockType="Integrator" Name="Integrator6" SID="273">
    <PortCounts in="1" out="1"/>
    <P Name="Position">[925, 1270, 955, 1300]</P>
    <P Name="ZOrder">550</P>
  </Block>
  <Block BlockType="Integrator" Name="Integrator7" SID="285">
    <PortCounts in="1" out="1"/>
    <P Name="Position">[835, 1555, 865, 1585]</P>
    <P Name="ZOrder">562</P>
  </Block>
  <Block BlockType="Integrator" Name="Integrator8" SID="336">
    <PortCounts in="1" out="1"/>
    <P Name="Position">[1655, 1130, 1685, 1160]</P>
    <P Name="ZOrder">610</P>
  </Block>
  <Block BlockType="Display" Name="Kinetic Energy" SID="278">
    <PortCounts in="1"/>
    <P Name="Position">[1025, 1415, 1085, 1435]</P>
    <P Name="ZOrder">555</P>
    <P Name="Decimation">1</P>
  </Block>
  <Block BlockType="Display" Name="Kinetic Energy1" SID="337">
    <PortCounts in="1"/>
    <P Name="Position">[1745, 1135, 1805, 1155]</P>
    <P Name="ZOrder">611</P>
    <P Name="Decimation">1</P>
  </Block>
  <Block BlockType="SubSystem" Name="Linear Actuator Chamber" SID="128">
    <PortCounts in="1" out="1"/>
    <P Name="Position">[715, 533, 815, 617]</P>
    <P Name="ZOrder">412</P>
    <P Name="ErrorFcn">Stateflow.Translate.translate</P>
    <P Name="PermitHierarchicalResolution">ExplicitOnly</P>
    <P Name="TreatAsAtomicUnit">on</P>
    <P Name="SFBlockType">MATLAB Function</P>
    <P Name="ContentPreviewEnabled">on</P>
    <PortProperties>
      <Port Type="out" Index="1">
        <P Name="PropagatedSignals">P1dot</P>
      </Port>
    </PortProperties>
    <System Ref="system_128"/>
  </Block>
  <Block BlockType="Scope" Name="P1" SID="132">
    <PortCounts in="1"/>
    <P Name="Position">[1075, 614, 1105, 646]</P>
    <P Name="ZOrder">416</P>
    <P Name="ScopeSpecificationString">Simulink.scopes.TimeScopeBlockCfg(&apos;CurrentConfiguration&apos;, extmgr.ConfigurationSet(extmgr.Configuration(&apos;Core&apos;,&apos;General UI&apos;,true),extmgr.Configuration(&apos;Core&apos;,&apos;Source UI&apos;,true),extmgr.Configuration(&apos;Sources&apos;,&apos;WiredSimulink&apos;,true,&apos;DataLoggingVariableName&apos;,&apos;ScopeData1&apos;),extmgr.Configuration(&apos;Visuals&apos;,&apos;Time Domain&apos;,true,&apos;SerializedDisplays&apos;,{struct(&apos;MinYLimReal&apos;,&apos;8751249.99996&apos;,&apos;MaxYLimReal&apos;,&apos;21238750.00032&apos;,&apos;YLabelReal&apos;,&apos;&apos;,&apos;MinYLimMag&apos;,&apos;8751249.99996&apos;,&apos;MaxYLimMag&apos;,&apos;21238750.00032&apos;,&apos;LegendVisibility&apos;,&apos;off&apos;,&apos;XGrid&apos;,true,&apos;YGrid&apos;,true,&apos;PlotMagPhase&apos;,false,&apos;AxesColor&apos;,[0 0 0],&apos;AxesTickColor&apos;,[0.686274509803922 0.686274509803922 0.686274509803922],&apos;ColorOrder&apos;,[1 1 0.0666666666666667;0.0745098039215686 0.623529411764706 1;1 0.411764705882353 0.16078431372549;0.392156862745098 0.831372549019608 0.0745098039215686;0.717647058823529 0.274509803921569 1;0.0588235294117647 1 1;1 0.0745098039215686 0.650980392156863],&apos;Title&apos;,&apos;%&lt;SignalLabel&gt;&apos;,&apos;LinePropertiesCache&apos;,{{}},&apos;UserDefinedChannelNames&apos;,{{}},&apos;NumLines&apos;,1,&apos;LineNames&apos;,{{&apos;P1&apos;}},&apos;ShowContent&apos;,true,&apos;Placement&apos;,1)},&apos;DisplayPropertyDefaults&apos;,struct(&apos;MinYLimReal&apos;,&apos;8751249.99996&apos;,&apos;MaxYLimReal&apos;,&apos;21238750.00032&apos;,&apos;YLabelReal&apos;,&apos;&apos;,&apos;MinYLimMag&apos;,&apos;8751249.99996&apos;,&apos;MaxYLimMag&apos;,&apos;21238750.00032&apos;,&apos;LegendVisibility&apos;,&apos;off&apos;,&apos;XGrid&apos;,true,&apos;YGrid&apos;,true,&apos;PlotMagPhase&apos;,false,&apos;AxesColor&apos;,[0 0 0],&apos;AxesTickColor&apos;,[0.686274509803922 0.686274509803922 0.686274509803922],&apos;ColorOrder&apos;,[0.0745098039215686 0.623529411764706 1;1 0.411764705882353 0.16078431372549;1 1 0.0666666666666667;0.717647058823529 0.274509803921569 1;0.392156862745098 0.831372549019608 0.0745098039215686;0.0588235294117647 1 1;1 0.0745098039215686 0.650980392156863])),extmgr.Configuration(&apos;Tools&apos;,&apos;Plot Navigation&apos;,true,&apos;OnceAtStop&apos;,false,&apos;PreviousAutoscale&apos;,&apos;XY&apos;),extmgr.Configuration(&apos;Tools&apos;,&apos;Measurements&apos;,true,&apos;Version&apos;,&apos;2023a&apos;)),&apos;Version&apos;,&apos;2023a&apos;,&apos;Position&apos;,[1 41 3440 1323])</P>
    <P Name="NumInputPorts">1</P>
    <P Name="Floating">off</P>
  </Block>
  <Block BlockType="Display" Name="P3" SID="139">
    <PortCounts in="1"/>
    <P Name="Position">[230, 930, 290, 950]</P>
    <P Name="ZOrder">418</P>
    <P Name="Decimation">1</P>
  </Block>
  <Block BlockType="Display" Name="P4" SID="140">
    <PortCounts in="1"/>
    <P Name="Position">[200, 1110, 260, 1130]</P>
    <P Name="ZOrder">419</P>
    <P Name="Decimation">1</P>
  </Block>
  <Block BlockType="Product" Name="Product" SID="244">
    <PortCounts in="2" out="1"/>
    <P Name="Position">[845, 817, 875, 848]</P>
    <P Name="ZOrder">521</P>
  </Block>
  <Block BlockType="Product" Name="Product1" SID="249">
    <PortCounts in="2" out="1"/>
    <P Name="Position">[835, 992, 865, 1023]</P>
    <P Name="ZOrder">526</P>
  </Block>
  <Block BlockType="Product" Name="Product2" SID="263">
    <PortCounts in="2" out="1"/>
    <P Name="Position">[835, 1137, 865, 1168]</P>
    <P Name="ZOrder">536</P>
  </Block>
  <Block BlockType="Product" Name="Product3" SID="269">
    <PortCounts in="2" out="1"/>
    <P Name="Position">[835, 1267, 865, 1298]</P>
    <P Name="ZOrder">546</P>
  </Block>
  <Block BlockType="Product" Name="Product4" SID="282">
    <PortCounts in="2" out="1"/>
    <P Name="Position">[720, 1552, 750, 1583]</P>
    <P Name="ZOrder">559</P>
  </Block>
  <Block BlockType="Product" Name="Product5" SID="333">
    <PortCounts in="2" out="1"/>
    <P Name="Position">[1365, 1127, 1395, 1158]</P>
    <P Name="ZOrder">607</P>
  </Block>
  <Block BlockType="SubSystem" Name="Pump/motor Dynamics" SID="117">
    <PortCounts in="3" out="2"/>
    <P Name="Position">[-240, 606, -95, 704]</P>
    <P Name="ZOrder">401</P>
    <P Name="ErrorFcn">Stateflow.Translate.translate</P>
    <P Name="PermitHierarchicalResolution">ExplicitOnly</P>
    <P Name="TreatAsAtomicUnit">on</P>
    <P Name="SFBlockType">MATLAB Function</P>
    <P Name="ContentPreviewEnabled">on</P>
    <PortProperties>
      <Port Type="out" Index="1">
        <P Name="PropagatedSignals">omega_dot</P>
      </Port>
      <Port Type="out" Index="2">
        <P Name="PropagatedSignals">hyd_torque</P>
      </Port>
    </PortProperties>
    <System Ref="system_117"/>
  </Block>
  <Block BlockType="Display" Name="Regen" SID="286">
    <PortCounts in="1"/>
    <P Name="Position">[1025, 1560, 1085, 1580]</P>
    <P Name="ZOrder">563</P>
    <P Name="Decimation">1</P>
  </Block>
  <Block BlockType="Scope" Name="Scope" SID="280">
    <PortCounts in="1"/>
    <P Name="Position">[5, 664, 35, 696]</P>
    <P Name="ZOrder">557</P>
    <P Name="ScopeSpecificationString">Simulink.scopes.TimeScopeBlockCfg(&apos;CurrentConfiguration&apos;, extmgr.ConfigurationSet(extmgr.Configuration(&apos;Core&apos;,&apos;General UI&apos;,true),extmgr.Configuration(&apos;Core&apos;,&apos;Source UI&apos;,true),extmgr.Configuration(&apos;Sources&apos;,&apos;WiredSimulink&apos;,true,&apos;DataLoggingVariableName&apos;,&apos;ScopeData1&apos;),extmgr.Configuration(&apos;Visuals&apos;,&apos;Time Domain&apos;,true),extmgr.Configuration(&apos;Tools&apos;,&apos;Plot Navigation&apos;,true),extmgr.Configuration(&apos;Tools&apos;,&apos;Measurements&apos;,true)),&apos;Version&apos;,&apos;2023a&apos;)</P>
    <P Name="NumInputPorts">1</P>
    <P Name="Floating">off</P>
  </Block>
  <Block BlockType="Scope" Name="Scope1" SID="302">
    <PortCounts in="2"/>
    <P Name="Position">[1050, 1901, 1080, 1934]</P>
    <P Name="ZOrder">579</P>
    <P Name="ScopeSpecificationString">Simulink.scopes.TimeScopeBlockCfg(&apos;CurrentConfiguration&apos;, extmgr.ConfigurationSet(extmgr.Configuration(&apos;Core&apos;,&apos;General UI&apos;,true),extmgr.Configuration(&apos;Core&apos;,&apos;Source UI&apos;,true),extmgr.Configuration(&apos;Sources&apos;,&apos;WiredSimulink&apos;,true,&apos;DataLoggingVariableName&apos;,&apos;ScopeData2&apos;),extmgr.Configuration(&apos;Visuals&apos;,&apos;Time Domain&apos;,true,&apos;SerializedDisplays&apos;,{struct(&apos;MinYLimReal&apos;,&apos;-13.87504&apos;,&apos;MaxYLimReal&apos;,&apos;124.87533&apos;,&apos;YLabelReal&apos;,&apos;&apos;,&apos;MinYLimMag&apos;,&apos;0.00000&apos;,&apos;MaxYLimMag&apos;,&apos;124.87533&apos;,&apos;LegendVisibility&apos;,&apos;off&apos;,&apos;XGrid&apos;,true,&apos;YGrid&apos;,true,&apos;PlotMagPhase&apos;,false,&apos;AxesColor&apos;,[0 0 0],&apos;AxesTickColor&apos;,[0.686274509803922 0.686274509803922 0.686274509803922],&apos;ColorOrder&apos;,[1 1 0.0666666666666667;0.0745098039215686 0.623529411764706 1;1 0.411764705882353 0.16078431372549;0.392156862745098 0.831372549019608 0.0745098039215686;0.717647058823529 0.274509803921569 1;0.0588235294117647 1 1;1 0.0745098039215686 0.650980392156863],&apos;Title&apos;,&apos;%&lt;SignalLabel&gt;&apos;,&apos;LinePropertiesCache&apos;,{{}},&apos;UserDefinedChannelNames&apos;,{{}},&apos;NumLines&apos;,2,&apos;LineNames&apos;,{{&apos;Add&apos;,&apos;Integrator3&apos;}},&apos;ShowContent&apos;,true,&apos;Placement&apos;,1)},&apos;DisplayPropertyDefaults&apos;,struct(&apos;MinYLimReal&apos;,&apos;-13.87504&apos;,&apos;MaxYLimReal&apos;,&apos;124.87533&apos;,&apos;YLabelReal&apos;,&apos;&apos;,&apos;MinYLimMag&apos;,&apos;0.00000&apos;,&apos;MaxYLimMag&apos;,&apos;124.87533&apos;,&apos;LegendVisibility&apos;,&apos;off&apos;,&apos;XGrid&apos;,true,&apos;YGrid&apos;,true,&apos;PlotMagPhase&apos;,false,&apos;AxesColor&apos;,[0 0 0],&apos;AxesTickColor&apos;,[0.686274509803922 0.686274509803922 0.686274509803922],&apos;ColorOrder&apos;,[0.0745098039215686 0.623529411764706 1;1 0.411764705882353 0.16078431372549;1 1 0.0666666666666667;0.717647058823529 0.274509803921569 1;0.392156862745098 0.831372549019608 0.0745098039215686;0.0588235294117647 1 1;1 0.0745098039215686 0.650980392156863])),extmgr.Configuration(&apos;Tools&apos;,&apos;Plot Navigation&apos;,true),extmgr.Configuration(&apos;Tools&apos;,&apos;Measurements&apos;,true,&apos;Version&apos;,&apos;2023a&apos;)),&apos;Version&apos;,&apos;2023a&apos;,&apos;Position&apos;,[1 41 3440 1323])</P>
    <P Name="NumInputPorts">2</P>
    <P Name="Floating">off</P>
  </Block>
  <Block BlockType="Scope" Name="Scope10" SID="359">
    <PortCounts in="2"/>
    <P Name="Position">[-485, 1181, -455, 1214]</P>
    <P Name="ZOrder">633</P>
    <P Name="ScopeSpecificationString">Simulink.scopes.TimeScopeBlockCfg(&apos;CurrentConfiguration&apos;, extmgr.ConfigurationSet(extmgr.Configuration(&apos;Core&apos;,&apos;General UI&apos;,true),extmgr.Configuration(&apos;Core&apos;,&apos;Source UI&apos;,true),extmgr.Configuration(&apos;Sources&apos;,&apos;WiredSimulink&apos;,true,&apos;DataLoggingVariableName&apos;,&apos;ScopeData3&apos;),extmgr.Configuration(&apos;Visuals&apos;,&apos;Time Domain&apos;,true,&apos;SerializedDisplays&apos;,{struct(&apos;MinYLimReal&apos;,&apos;2.4254&apos;,&apos;MaxYLimReal&apos;,&apos;2.42735&apos;,&apos;YLabelReal&apos;,&apos;&apos;,&apos;MinYLimMag&apos;,&apos;2.4254&apos;,&apos;MaxYLimMag&apos;,&apos;2.42735&apos;,&apos;LegendVisibility&apos;,&apos;off&apos;,&apos;XGrid&apos;,true,&apos;YGrid&apos;,true,&apos;PlotMagPhase&apos;,false,&apos;AxesColor&apos;,[0 0 0],&apos;AxesTickColor&apos;,[0.686274509803922 0.686274509803922 0.686274509803922],&apos;ColorOrder&apos;,[1 1 0.0666666666666667;0.0745098039215686 0.623529411764706 1;1 0.411764705882353 0.16078431372549;0.392156862745098 0.831372549019608 0.0745098039215686;0.717647058823529 0.274509803921569 1;0.0588235294117647 1 1;1 0.0745098039215686 0.650980392156863],&apos;Title&apos;,&apos;%&lt;SignalLabel&gt;&apos;,&apos;LinePropertiesCache&apos;,{{}},&apos;UserDefinedChannelNames&apos;,{{}},&apos;NumLines&apos;,2,&apos;LineNames&apos;,{{&apos;Delay&apos;,&apos;&lt;hyd_torque&gt;&apos;}},&apos;ShowContent&apos;,true,&apos;Placement&apos;,1)},&apos;DisplayPropertyDefaults&apos;,struct(&apos;MinYLimReal&apos;,&apos;2.4254&apos;,&apos;MaxYLimReal&apos;,&apos;2.42735&apos;,&apos;YLabelReal&apos;,&apos;&apos;,&apos;MinYLimMag&apos;,&apos;2.4254&apos;,&apos;MaxYLimMag&apos;,&apos;2.42735&apos;,&apos;LegendVisibility&apos;,&apos;off&apos;,&apos;XGrid&apos;,true,&apos;YGrid&apos;,true,&apos;PlotMagPhase&apos;,false,&apos;AxesColor&apos;,[0 0 0],&apos;AxesTickColor&apos;,[0.686274509803922 0.686274509803922 0.686274509803922],&apos;ColorOrder&apos;,[0.0745098039215686 0.623529411764706 1;1 0.411764705882353 0.16078431372549;1 1 0.0666666666666667;0.717647058823529 0.274509803921569 1;0.392156862745098 0.831372549019608 0.0745098039215686;0.0588235294117647 1 1;1 0.0745098039215686 0.650980392156863])),extmgr.Configuration(&apos;Tools&apos;,&apos;Plot Navigation&apos;,true,&apos;OnceAtStop&apos;,false),extmgr.Configuration(&apos;Tools&apos;,&apos;Measurements&apos;,true,&apos;Version&apos;,&apos;2023a&apos;)),&apos;Version&apos;,&apos;2023a&apos;,&apos;Position&apos;,[1 41 3440 1323])</P>
    <P Name="NumInputPorts">2</P>
    <P Name="Floating">off</P>
  </Block>
  <Block BlockType="Scope" Name="Scope11" SID="360">
    <PortCounts in="1"/>
    <P Name="Position">[-10, 549, 20, 581]</P>
    <P Name="ZOrder">634</P>
    <P Name="ScopeSpecificationString">Simulink.scopes.TimeScopeBlockCfg(&apos;CurrentConfiguration&apos;, extmgr.ConfigurationSet(extmgr.Configuration(&apos;Core&apos;,&apos;General UI&apos;,true),extmgr.Configuration(&apos;Core&apos;,&apos;Source UI&apos;,true),extmgr.Configuration(&apos;Sources&apos;,&apos;WiredSimulink&apos;,true,&apos;DataLoggingVariableName&apos;,&apos;ScopeData4&apos;),extmgr.Configuration(&apos;Visuals&apos;,&apos;Time Domain&apos;,true,&apos;SerializedDisplays&apos;,{struct(&apos;MinYLimReal&apos;,&apos;-83484.48929&apos;,&apos;MaxYLimReal&apos;,&apos;89105.53459&apos;,&apos;YLabelReal&apos;,&apos;&apos;,&apos;MinYLimMag&apos;,&apos;   0.00000&apos;,&apos;MaxYLimMag&apos;,&apos;89105.53459&apos;,&apos;LegendVisibility&apos;,&apos;off&apos;,&apos;XGrid&apos;,true,&apos;YGrid&apos;,true,&apos;PlotMagPhase&apos;,false,&apos;AxesColor&apos;,[0 0 0],&apos;AxesTickColor&apos;,[0.686274509803922 0.686274509803922 0.686274509803922],&apos;ColorOrder&apos;,[1 1 0.0666666666666667;0.0745098039215686 0.623529411764706 1;1 0.411764705882353 0.16078431372549;0.392156862745098 0.831372549019608 0.0745098039215686;0.717647058823529 0.274509803921569 1;0.0588235294117647 1 1;1 0.0745098039215686 0.650980392156863],&apos;Title&apos;,&apos;%&lt;SignalLabel&gt;&apos;,&apos;LinePropertiesCache&apos;,{{}},&apos;UserDefinedChannelNames&apos;,{{}},&apos;NumLines&apos;,1,&apos;LineNames&apos;,{{&apos;Pump/motor Dynamics/omega_dot&apos;}},&apos;ShowContent&apos;,true,&apos;Placement&apos;,1)},&apos;DisplayPropertyDefaults&apos;,struct(&apos;MinYLimReal&apos;,&apos;-83484.48929&apos;,&apos;MaxYLimReal&apos;,&apos;89105.53459&apos;,&apos;YLabelReal&apos;,&apos;&apos;,&apos;MinYLimMag&apos;,&apos;   0.00000&apos;,&apos;MaxYLimMag&apos;,&apos;89105.53459&apos;,&apos;LegendVisibility&apos;,&apos;off&apos;,&apos;XGrid&apos;,true,&apos;YGrid&apos;,true,&apos;PlotMagPhase&apos;,false,&apos;AxesColor&apos;,[0 0 0],&apos;AxesTickColor&apos;,[0.686274509803922 0.686274509803922 0.686274509803922],&apos;ColorOrder&apos;,[0.0745098039215686 0.623529411764706 1;1 0.411764705882353 0.16078431372549;1 1 0.0666666666666667;0.717647058823529 0.274509803921569 1;0.392156862745098 0.831372549019608 0.0745098039215686;0.0588235294117647 1 1;1 0.0745098039215686 0.650980392156863])),extmgr.Configuration(&apos;Tools&apos;,&apos;Plot Navigation&apos;,true),extmgr.Configuration(&apos;Tools&apos;,&apos;Measurements&apos;,true,&apos;Version&apos;,&apos;2023a&apos;)),&apos;Version&apos;,&apos;2023a&apos;,&apos;Position&apos;,[1 41 3440 1323])</P>
    <P Name="NumInputPorts">1</P>
    <P Name="Floating">off</P>
  </Block>
  <Block BlockType="Scope" Name="Scope12" SID="362">
    <PortCounts in="1"/>
    <P Name="Position">[750, 469, 780, 501]</P>
    <P Name="ZOrder">635</P>
    <P Name="ScopeSpecificationString">Simulink.scopes.TimeScopeBlockCfg(&apos;CurrentConfiguration&apos;, extmgr.ConfigurationSet(extmgr.Configuration(&apos;Core&apos;,&apos;General UI&apos;,true),extmgr.Configuration(&apos;Core&apos;,&apos;Source UI&apos;,true),extmgr.Configuration(&apos;Sources&apos;,&apos;WiredSimulink&apos;,true,&apos;DataLoggingVariableName&apos;,&apos;ScopeData1&apos;),extmgr.Configuration(&apos;Visuals&apos;,&apos;Time Domain&apos;,true),extmgr.Configuration(&apos;Tools&apos;,&apos;Plot Navigation&apos;,true),extmgr.Configuration(&apos;Tools&apos;,&apos;Measurements&apos;,true,&apos;Version&apos;,&apos;2023b&apos;)),&apos;Version&apos;,&apos;2023b&apos;,&apos;VisibleAtModelOpen&apos;,&apos;on&apos;)</P>
    <P Name="NumInputPorts">1</P>
    <P Name="Floating">off</P>
  </Block>
  <Block BlockType="Scope" Name="Scope2" SID="141">
    <PortCounts in="1"/>
    <P Name="Position">[245, 864, 275, 896]</P>
    <P Name="ZOrder">420</P>
    <P Name="ScopeSpecificationString">Simulink.scopes.TimeScopeBlockCfg(&apos;CurrentConfiguration&apos;, extmgr.ConfigurationSet(extmgr.Configuration(&apos;Core&apos;,&apos;General UI&apos;,true),extmgr.Configuration(&apos;Core&apos;,&apos;Source UI&apos;,true),extmgr.Configuration(&apos;Sources&apos;,&apos;WiredSimulink&apos;,true,&apos;DataLoggingVariableName&apos;,&apos;ScopeData1&apos;),extmgr.Configuration(&apos;Visuals&apos;,&apos;Time Domain&apos;,true,&apos;SerializedDisplays&apos;,{struct(&apos;MinYLimReal&apos;,&apos;-380.34798&apos;,&apos;MaxYLimReal&apos;,&apos;380.34798&apos;,&apos;YLabelReal&apos;,&apos;&apos;,&apos;MinYLimMag&apos;,&apos; 0.00000&apos;,&apos;MaxYLimMag&apos;,&apos;380.34798&apos;,&apos;LegendVisibility&apos;,&apos;off&apos;,&apos;XGrid&apos;,true,&apos;YGrid&apos;,true,&apos;PlotMagPhase&apos;,false,&apos;AxesColor&apos;,[0 0 0],&apos;AxesTickColor&apos;,[0.686274509803922 0.686274509803922 0.686274509803922],&apos;ColorOrder&apos;,[1 1 0.0666666666666667;0.0745098039215686 0.623529411764706 1;1 0.411764705882353 0.16078431372549;0.392156862745098 0.831372549019608 0.0745098039215686;0.717647058823529 0.274509803921569 1;0.0588235294117647 1 1;1 0.0745098039215686 0.650980392156863],&apos;Title&apos;,&apos;%&lt;SignalLabel&gt;&apos;,&apos;LinePropertiesCache&apos;,{{}},&apos;UserDefinedChannelNames&apos;,{{}},&apos;NumLines&apos;,0,&apos;LineNames&apos;,{{[]}},&apos;ShowContent&apos;,true,&apos;Placement&apos;,1)},&apos;DisplayPropertyDefaults&apos;,struct(&apos;MinYLimReal&apos;,&apos;-380.34798&apos;,&apos;MaxYLimReal&apos;,&apos;380.34798&apos;,&apos;YLabelReal&apos;,&apos;&apos;,&apos;MinYLimMag&apos;,&apos; 0.00000&apos;,&apos;MaxYLimMag&apos;,&apos;380.34798&apos;,&apos;LegendVisibility&apos;,&apos;off&apos;,&apos;XGrid&apos;,true,&apos;YGrid&apos;,true,&apos;PlotMagPhase&apos;,false,&apos;AxesColor&apos;,[0 0 0],&apos;AxesTickColor&apos;,[0.686274509803922 0.686274509803922 0.686274509803922],&apos;ColorOrder&apos;,[0.0745098039215686 0.623529411764706 1;1 0.411764705882353 0.16078431372549;1 1 0.0666666666666667;0.717647058823529 0.274509803921569 1;0.392156862745098 0.831372549019608 0.0745098039215686;0.0588235294117647 1 1;1 0.0745098039215686 0.650980392156863])),extmgr.Configuration(&apos;Tools&apos;,&apos;Plot Navigation&apos;,true),extmgr.Configuration(&apos;Tools&apos;,&apos;Measurements&apos;,true,&apos;Version&apos;,&apos;2023a&apos;)),&apos;Version&apos;,&apos;2023a&apos;,&apos;Position&apos;,[1 41 3440 1323])</P>
    <P Name="NumInputPorts">1</P>
    <P Name="Floating">off</P>
  </Block>
  <Block BlockType="Scope" Name="Scope3" SID="142">
    <PortCounts in="1"/>
    <P Name="Position">[215, 1159, 245, 1191]</P>
    <P Name="ZOrder">421</P>
    <P Name="ScopeSpecificationString">Simulink.scopes.TimeScopeBlockCfg(&apos;CurrentConfiguration&apos;, extmgr.ConfigurationSet(extmgr.Configuration(&apos;Core&apos;,&apos;General UI&apos;,true),extmgr.Configuration(&apos;Core&apos;,&apos;Source UI&apos;,true),extmgr.Configuration(&apos;Sources&apos;,&apos;WiredSimulink&apos;,true,&apos;DataLoggingVariableName&apos;,&apos;ScopeData2&apos;),extmgr.Configuration(&apos;Visuals&apos;,&apos;Time Domain&apos;,true,&apos;SerializedDisplays&apos;,{struct(&apos;MinYLimReal&apos;,&apos;19999887.9226&apos;,&apos;MaxYLimReal&apos;,&apos;20000227.0307&apos;,&apos;YLabelReal&apos;,&apos;&apos;,&apos;MinYLimMag&apos;,&apos;19999887.9226&apos;,&apos;MaxYLimMag&apos;,&apos;20000227.0307&apos;,&apos;LegendVisibility&apos;,&apos;off&apos;,&apos;XGrid&apos;,true,&apos;YGrid&apos;,true,&apos;PlotMagPhase&apos;,false,&apos;AxesColor&apos;,[0 0 0],&apos;AxesTickColor&apos;,[0.686274509803922 0.686274509803922 0.686274509803922],&apos;ColorOrder&apos;,[1 1 0.0666666666666667;0.0745098039215686 0.623529411764706 1;1 0.411764705882353 0.16078431372549;0.392156862745098 0.831372549019608 0.0745098039215686;0.717647058823529 0.274509803921569 1;0.0588235294117647 1 1;1 0.0745098039215686 0.650980392156863],&apos;Title&apos;,&apos;%&lt;SignalLabel&gt;&apos;,&apos;LinePropertiesCache&apos;,{{}},&apos;UserDefinedChannelNames&apos;,{{}},&apos;NumLines&apos;,1,&apos;LineNames&apos;,{{&apos;Second Valve&apos;}},&apos;ShowContent&apos;,true,&apos;Placement&apos;,1)},&apos;DisplayPropertyDefaults&apos;,struct(&apos;MinYLimReal&apos;,&apos;19999887.9226&apos;,&apos;MaxYLimReal&apos;,&apos;20000227.0307&apos;,&apos;YLabelReal&apos;,&apos;&apos;,&apos;MinYLimMag&apos;,&apos;19999887.9226&apos;,&apos;MaxYLimMag&apos;,&apos;20000227.0307&apos;,&apos;LegendVisibility&apos;,&apos;off&apos;,&apos;XGrid&apos;,true,&apos;YGrid&apos;,true,&apos;PlotMagPhase&apos;,false,&apos;AxesColor&apos;,[0 0 0],&apos;AxesTickColor&apos;,[0.686274509803922 0.686274509803922 0.686274509803922],&apos;ColorOrder&apos;,[0.0745098039215686 0.623529411764706 1;1 0.411764705882353 0.16078431372549;1 1 0.0666666666666667;0.717647058823529 0.274509803921569 1;0.392156862745098 0.831372549019608 0.0745098039215686;0.0588235294117647 1 1;1 0.0745098039215686 0.650980392156863])),extmgr.Configuration(&apos;Tools&apos;,&apos;Plot Navigation&apos;,true,&apos;OnceAtStop&apos;,false),extmgr.Configuration(&apos;Tools&apos;,&apos;Measurements&apos;,true,&apos;Version&apos;,&apos;2023a&apos;)),&apos;Version&apos;,&apos;2023a&apos;,&apos;Position&apos;,[1 41 3440 1323])</P>
    <P Name="NumInputPorts">1</P>
    <P Name="Floating">off</P>
  </Block>
  <Block BlockType="Scope" Name="Scope4" SID="309">
    <PortCounts in="1"/>
    <P Name="Position">[-610, 814, -580, 846]</P>
    <P Name="ZOrder">583</P>
    <P Name="ScopeSpecificationString">Simulink.scopes.TimeScopeBlockCfg(&apos;CurrentConfiguration&apos;, extmgr.ConfigurationSet(extmgr.Configuration(&apos;Core&apos;,&apos;General UI&apos;,true),extmgr.Configuration(&apos;Core&apos;,&apos;Source UI&apos;,true),extmgr.Configuration(&apos;Sources&apos;,&apos;WiredSimulink&apos;,true,&apos;DataLoggingVariableName&apos;,&apos;ScopeData1&apos;),extmgr.Configuration(&apos;Visuals&apos;,&apos;Time Domain&apos;,true,&apos;SerializedDisplays&apos;,{struct(&apos;MinYLimReal&apos;,&apos;-0.6&apos;,&apos;MaxYLimReal&apos;,&apos;-0.4&apos;,&apos;YLabelReal&apos;,&apos;&apos;,&apos;MinYLimMag&apos;,&apos;0.00000&apos;,&apos;MaxYLimMag&apos;,&apos;0.6&apos;,&apos;LegendVisibility&apos;,&apos;off&apos;,&apos;XGrid&apos;,true,&apos;YGrid&apos;,true,&apos;PlotMagPhase&apos;,false,&apos;AxesColor&apos;,[0 0 0],&apos;AxesTickColor&apos;,[0.686274509803922 0.686274509803922 0.686274509803922],&apos;ColorOrder&apos;,[1 1 0.0666666666666667;0.0745098039215686 0.623529411764706 1;1 0.411764705882353 0.16078431372549;0.392156862745098 0.831372549019608 0.0745098039215686;0.717647058823529 0.274509803921569 1;0.0588235294117647 1 1;1 0.0745098039215686 0.650980392156863],&apos;Title&apos;,&apos;%&lt;SignalLabel&gt;&apos;,&apos;LinePropertiesCache&apos;,{{}},&apos;UserDefinedChannelNames&apos;,{{}},&apos;NumLines&apos;,1,&apos;LineNames&apos;,{{&apos;Controller/T_elec&apos;}},&apos;ShowContent&apos;,true,&apos;Placement&apos;,1)},&apos;DisplayPropertyDefaults&apos;,struct(&apos;MinYLimReal&apos;,&apos;-0.6&apos;,&apos;MaxYLimReal&apos;,&apos;-0.4&apos;,&apos;YLabelReal&apos;,&apos;&apos;,&apos;MinYLimMag&apos;,&apos;0.00000&apos;,&apos;MaxYLimMag&apos;,&apos;0.6&apos;,&apos;LegendVisibility&apos;,&apos;off&apos;,&apos;XGrid&apos;,true,&apos;YGrid&apos;,true,&apos;PlotMagPhase&apos;,false,&apos;AxesColor&apos;,[0 0 0],&apos;AxesTickColor&apos;,[0.686274509803922 0.686274509803922 0.686274509803922],&apos;ColorOrder&apos;,[0.0745098039215686 0.623529411764706 1;1 0.411764705882353 0.16078431372549;1 1 0.0666666666666667;0.717647058823529 0.274509803921569 1;0.392156862745098 0.831372549019608 0.0745098039215686;0.0588235294117647 1 1;1 0.0745098039215686 0.650980392156863])),extmgr.Configuration(&apos;Tools&apos;,&apos;Plot Navigation&apos;,true,&apos;OnceAtStop&apos;,false),extmgr.Configuration(&apos;Tools&apos;,&apos;Measurements&apos;,true,&apos;Version&apos;,&apos;2023a&apos;)),&apos;Version&apos;,&apos;2023a&apos;,&apos;Position&apos;,[1 41 3440 1323])</P>
    <P Name="NumInputPorts">1</P>
    <P Name="Floating">off</P>
  </Block>
  <Block BlockType="Scope" Name="Scope5" SID="310">
    <PortCounts in="1"/>
    <P Name="Position">[130, 694, 160, 726]</P>
    <P Name="ZOrder">584</P>
    <P Name="ScopeSpecificationString">Simulink.scopes.TimeScopeBlockCfg(&apos;CurrentConfiguration&apos;, extmgr.ConfigurationSet(extmgr.Configuration(&apos;Core&apos;,&apos;General UI&apos;,true),extmgr.Configuration(&apos;Core&apos;,&apos;Source UI&apos;,true),extmgr.Configuration(&apos;Sources&apos;,&apos;WiredSimulink&apos;,true,&apos;DataLoggingVariableName&apos;,&apos;ScopeData2&apos;),extmgr.Configuration(&apos;Visuals&apos;,&apos;Time Domain&apos;,true,&apos;SerializedDisplays&apos;,{struct(&apos;MinYLimReal&apos;,&apos;-37.50085&apos;,&apos;MaxYLimReal&apos;,&apos;337.50761&apos;,&apos;YLabelReal&apos;,&apos;&apos;,&apos;MinYLimMag&apos;,&apos;0.00000&apos;,&apos;MaxYLimMag&apos;,&apos;337.50761&apos;,&apos;LegendVisibility&apos;,&apos;off&apos;,&apos;XGrid&apos;,true,&apos;YGrid&apos;,true,&apos;PlotMagPhase&apos;,false,&apos;AxesColor&apos;,[0 0 0],&apos;AxesTickColor&apos;,[0.686274509803922 0.686274509803922 0.686274509803922],&apos;ColorOrder&apos;,[1 1 0.0666666666666667;0.0745098039215686 0.623529411764706 1;1 0.411764705882353 0.16078431372549;0.392156862745098 0.831372549019608 0.0745098039215686;0.717647058823529 0.274509803921569 1;0.0588235294117647 1 1;1 0.0745098039215686 0.650980392156863],&apos;Title&apos;,&apos;%&lt;SignalLabel&gt;&apos;,&apos;LinePropertiesCache&apos;,{{}},&apos;UserDefinedChannelNames&apos;,{{}},&apos;NumLines&apos;,1,&apos;LineNames&apos;,{{&apos;omega&apos;}},&apos;ShowContent&apos;,true,&apos;Placement&apos;,1)},&apos;DisplayPropertyDefaults&apos;,struct(&apos;MinYLimReal&apos;,&apos;-37.50085&apos;,&apos;MaxYLimReal&apos;,&apos;337.50761&apos;,&apos;YLabelReal&apos;,&apos;&apos;,&apos;MinYLimMag&apos;,&apos;0.00000&apos;,&apos;MaxYLimMag&apos;,&apos;337.50761&apos;,&apos;LegendVisibility&apos;,&apos;off&apos;,&apos;XGrid&apos;,true,&apos;YGrid&apos;,true,&apos;PlotMagPhase&apos;,false,&apos;AxesColor&apos;,[0 0 0],&apos;AxesTickColor&apos;,[0.686274509803922 0.686274509803922 0.686274509803922],&apos;ColorOrder&apos;,[0.0745098039215686 0.623529411764706 1;1 0.411764705882353 0.16078431372549;1 1 0.0666666666666667;0.717647058823529 0.274509803921569 1;0.392156862745098 0.831372549019608 0.0745098039215686;0.0588235294117647 1 1;1 0.0745098039215686 0.650980392156863])),extmgr.Configuration(&apos;Tools&apos;,&apos;Plot Navigation&apos;,true),extmgr.Configuration(&apos;Tools&apos;,&apos;Measurements&apos;,true,&apos;Version&apos;,&apos;2023a&apos;)),&apos;Version&apos;,&apos;2023a&apos;,&apos;Position&apos;,[1 41 3440 1323])</P>
    <P Name="NumInputPorts">1</P>
    <P Name="Floating">off</P>
  </Block>
  <Block BlockType="Scope" Name="Scope6" SID="322">
    <PortCounts in="1"/>
    <P Name="Position">[-1010, 624, -980, 656]</P>
    <P Name="ZOrder">596</P>
    <P Name="ScopeSpecificationString">Simulink.scopes.TimeScopeBlockCfg(&apos;CurrentConfiguration&apos;, extmgr.ConfigurationSet(extmgr.Configuration(&apos;Core&apos;,&apos;General UI&apos;,true),extmgr.Configuration(&apos;Core&apos;,&apos;Source UI&apos;,true),extmgr.Configuration(&apos;Sources&apos;,&apos;WiredSimulink&apos;,true,&apos;DataLoggingVariableName&apos;,&apos;ScopeData3&apos;),extmgr.Configuration(&apos;Visuals&apos;,&apos;Time Domain&apos;,true,&apos;SerializedDisplays&apos;,{struct(&apos;MinYLimReal&apos;,&apos;8750000.00000&apos;,&apos;MaxYLimReal&apos;,&apos;21250000.00000&apos;,&apos;YLabelReal&apos;,&apos;&apos;,&apos;MinYLimMag&apos;,&apos;8750000.00000&apos;,&apos;MaxYLimMag&apos;,&apos;21250000.00000&apos;,&apos;LegendVisibility&apos;,&apos;off&apos;,&apos;XGrid&apos;,true,&apos;YGrid&apos;,true,&apos;PlotMagPhase&apos;,false,&apos;AxesColor&apos;,[0 0 0],&apos;AxesTickColor&apos;,[0.686274509803922 0.686274509803922 0.686274509803922],&apos;ColorOrder&apos;,[1 1 0.0666666666666667;0.0745098039215686 0.623529411764706 1;1 0.411764705882353 0.16078431372549;0.392156862745098 0.831372549019608 0.0745098039215686;0.717647058823529 0.274509803921569 1;0.0588235294117647 1 1;1 0.0745098039215686 0.650980392156863],&apos;Title&apos;,&apos;%&lt;SignalLabel&gt;&apos;,&apos;LinePropertiesCache&apos;,{{}},&apos;UserDefinedChannelNames&apos;,{{}},&apos;NumLines&apos;,1,&apos;LineNames&apos;,{{&apos;Switch&apos;}},&apos;ShowContent&apos;,true,&apos;Placement&apos;,1)},&apos;DisplayPropertyDefaults&apos;,struct(&apos;MinYLimReal&apos;,&apos;8750000.00000&apos;,&apos;MaxYLimReal&apos;,&apos;21250000.00000&apos;,&apos;YLabelReal&apos;,&apos;&apos;,&apos;MinYLimMag&apos;,&apos;8750000.00000&apos;,&apos;MaxYLimMag&apos;,&apos;21250000.00000&apos;,&apos;LegendVisibility&apos;,&apos;off&apos;,&apos;XGrid&apos;,true,&apos;YGrid&apos;,true,&apos;PlotMagPhase&apos;,false,&apos;AxesColor&apos;,[0 0 0],&apos;AxesTickColor&apos;,[0.686274509803922 0.686274509803922 0.686274509803922],&apos;ColorOrder&apos;,[0.0745098039215686 0.623529411764706 1;1 0.411764705882353 0.16078431372549;1 1 0.0666666666666667;0.717647058823529 0.274509803921569 1;0.392156862745098 0.831372549019608 0.0745098039215686;0.0588235294117647 1 1;1 0.0745098039215686 0.650980392156863])),extmgr.Configuration(&apos;Tools&apos;,&apos;Plot Navigation&apos;,true),extmgr.Configuration(&apos;Tools&apos;,&apos;Measurements&apos;,true,&apos;Version&apos;,&apos;2023a&apos;)),&apos;Version&apos;,&apos;2023a&apos;,&apos;Position&apos;,[1 41 3440 1323])</P>
    <P Name="NumInputPorts">1</P>
    <P Name="Floating">off</P>
  </Block>
  <Block BlockType="Scope" Name="Scope7" SID="338">
    <PortCounts in="1"/>
    <P Name="Position">[1760, 1253, 1790, 1287]</P>
    <P Name="ZOrder">612</P>
    <P Name="ScopeSpecificationString">Simulink.scopes.TimeScopeBlockCfg(&apos;CurrentConfiguration&apos;, extmgr.ConfigurationSet(extmgr.Configuration(&apos;Core&apos;,&apos;General UI&apos;,true),extmgr.Configuration(&apos;Core&apos;,&apos;Source UI&apos;,true),extmgr.Configuration(&apos;Sources&apos;,&apos;WiredSimulink&apos;,true,&apos;DataLoggingVariableName&apos;,&apos;ScopeData4&apos;),extmgr.Configuration(&apos;Visuals&apos;,&apos;Time Domain&apos;,true,&apos;SerializedDisplays&apos;,{struct(&apos;MinYLimReal&apos;,&apos;-23630.0876&apos;,&apos;MaxYLimReal&apos;,&apos;4120.62322&apos;,&apos;YLabelReal&apos;,&apos;&apos;,&apos;MinYLimMag&apos;,&apos;   0.00000&apos;,&apos;MaxYLimMag&apos;,&apos;23630.0876&apos;,&apos;LegendVisibility&apos;,&apos;off&apos;,&apos;XGrid&apos;,true,&apos;YGrid&apos;,true,&apos;PlotMagPhase&apos;,false,&apos;AxesColor&apos;,[0 0 0],&apos;AxesTickColor&apos;,[0.686274509803922 0.686274509803922 0.686274509803922],&apos;ColorOrder&apos;,[1 1 0.0666666666666667;0.0745098039215686 0.623529411764706 1;1 0.411764705882353 0.16078431372549;0.392156862745098 0.831372549019608 0.0745098039215686;0.717647058823529 0.274509803921569 1;0.0588235294117647 1 1;1 0.0745098039215686 0.650980392156863],&apos;Title&apos;,&apos;%&lt;SignalLabel&gt;&apos;,&apos;LinePropertiesCache&apos;,{{}},&apos;UserDefinedChannelNames&apos;,{{}},&apos;NumLines&apos;,1,&apos;LineNames&apos;,{{&apos;Gain3&apos;}},&apos;ShowContent&apos;,true,&apos;Placement&apos;,1)},&apos;DisplayPropertyDefaults&apos;,struct(&apos;MinYLimReal&apos;,&apos;-23630.0876&apos;,&apos;MaxYLimReal&apos;,&apos;4120.62322&apos;,&apos;YLabelReal&apos;,&apos;&apos;,&apos;MinYLimMag&apos;,&apos;   0.00000&apos;,&apos;MaxYLimMag&apos;,&apos;23630.0876&apos;,&apos;LegendVisibility&apos;,&apos;off&apos;,&apos;XGrid&apos;,true,&apos;YGrid&apos;,true,&apos;PlotMagPhase&apos;,false,&apos;AxesColor&apos;,[0 0 0],&apos;AxesTickColor&apos;,[0.686274509803922 0.686274509803922 0.686274509803922],&apos;ColorOrder&apos;,[0.0745098039215686 0.623529411764706 1;1 0.411764705882353 0.16078431372549;1 1 0.0666666666666667;0.717647058823529 0.274509803921569 1;0.392156862745098 0.831372549019608 0.0745098039215686;0.0588235294117647 1 1;1 0.0745098039215686 0.650980392156863])),extmgr.Configuration(&apos;Tools&apos;,&apos;Plot Navigation&apos;,true,&apos;OnceAtStop&apos;,false),extmgr.Configuration(&apos;Tools&apos;,&apos;Measurements&apos;,true,&apos;Version&apos;,&apos;2023a&apos;)),&apos;Version&apos;,&apos;2023a&apos;,&apos;Position&apos;,[1 41 3440 1323])</P>
    <P Name="NumInputPorts">1</P>
    <P Name="Floating">off</P>
  </Block>
  <Block BlockType="Scope" Name="Scope8" SID="347">
    <PortCounts in="1"/>
    <P Name="Position">[260, 549, 290, 581]</P>
    <P Name="ZOrder">621</P>
    <P Name="ScopeSpecificationString">Simulink.scopes.TimeScopeBlockCfg(&apos;CurrentConfiguration&apos;, extmgr.ConfigurationSet(extmgr.Configuration(&apos;Core&apos;,&apos;General UI&apos;,true),extmgr.Configuration(&apos;Core&apos;,&apos;Source UI&apos;,true),extmgr.Configuration(&apos;Sources&apos;,&apos;WiredSimulink&apos;,true,&apos;DataLoggingVariableName&apos;,&apos;ScopeData1&apos;),extmgr.Configuration(&apos;Visuals&apos;,&apos;Time Domain&apos;,true,&apos;SerializedDisplays&apos;,{struct(&apos;MinYLimReal&apos;,&apos;-3.05451&apos;,&apos;MaxYLimReal&apos;,&apos;27.49059&apos;,&apos;YLabelReal&apos;,&apos;&apos;,&apos;MinYLimMag&apos;,&apos;0.00000&apos;,&apos;MaxYLimMag&apos;,&apos;27.49059&apos;,&apos;LegendVisibility&apos;,&apos;off&apos;,&apos;XGrid&apos;,true,&apos;YGrid&apos;,true,&apos;PlotMagPhase&apos;,false,&apos;AxesColor&apos;,[0 0 0],&apos;AxesTickColor&apos;,[0.686274509803922 0.686274509803922 0.686274509803922],&apos;ColorOrder&apos;,[1 1 0.0666666666666667;0.0745098039215686 0.623529411764706 1;1 0.411764705882353 0.16078431372549;0.392156862745098 0.831372549019608 0.0745098039215686;0.717647058823529 0.274509803921569 1;0.0588235294117647 1 1;1 0.0745098039215686 0.650980392156863],&apos;Title&apos;,&apos;%&lt;SignalLabel&gt;&apos;,&apos;LinePropertiesCache&apos;,{{}},&apos;UserDefinedChannelNames&apos;,{{}},&apos;NumLines&apos;,1,&apos;LineNames&apos;,{{&apos;Integrator1&apos;}},&apos;ShowContent&apos;,true,&apos;Placement&apos;,1)},&apos;DisplayPropertyDefaults&apos;,struct(&apos;MinYLimReal&apos;,&apos;-3.05451&apos;,&apos;MaxYLimReal&apos;,&apos;27.49059&apos;,&apos;YLabelReal&apos;,&apos;&apos;,&apos;MinYLimMag&apos;,&apos;0.00000&apos;,&apos;MaxYLimMag&apos;,&apos;27.49059&apos;,&apos;LegendVisibility&apos;,&apos;off&apos;,&apos;XGrid&apos;,true,&apos;YGrid&apos;,true,&apos;PlotMagPhase&apos;,false,&apos;AxesColor&apos;,[0 0 0],&apos;AxesTickColor&apos;,[0.686274509803922 0.686274509803922 0.686274509803922],&apos;ColorOrder&apos;,[0.0745098039215686 0.623529411764706 1;1 0.411764705882353 0.16078431372549;1 1 0.0666666666666667;0.717647058823529 0.274509803921569 1;0.392156862745098 0.831372549019608 0.0745098039215686;0.0588235294117647 1 1;1 0.0745098039215686 0.650980392156863])),extmgr.Configuration(&apos;Tools&apos;,&apos;Plot Navigation&apos;,true,&apos;OnceAtStop&apos;,false),extmgr.Configuration(&apos;Tools&apos;,&apos;Measurements&apos;,true,&apos;Version&apos;,&apos;2023a&apos;)),&apos;Version&apos;,&apos;2023a&apos;,&apos;Position&apos;,[1 41 3440 1323])</P>
    <P Name="NumInputPorts">1</P>
    <P Name="Floating">off</P>
  </Block>
  <Block BlockType="Scope" Name="Scope9" SID="348">
    <PortCounts in="2"/>
    <P Name="Position">[390, 1026, 420, 1059]</P>
    <P Name="ZOrder">622</P>
    <P Name="ScopeSpecificationString">Simulink.scopes.TimeScopeBlockCfg(&apos;CurrentConfiguration&apos;, extmgr.ConfigurationSet(extmgr.Configuration(&apos;Core&apos;,&apos;General UI&apos;,true),extmgr.Configuration(&apos;Core&apos;,&apos;Source UI&apos;,true),extmgr.Configuration(&apos;Sources&apos;,&apos;WiredSimulink&apos;,true,&apos;DataLoggingVariableName&apos;,&apos;ScopeData2&apos;),extmgr.Configuration(&apos;Visuals&apos;,&apos;Time Domain&apos;,true,&apos;SerializedDisplays&apos;,{struct(&apos;MinYLimReal&apos;,&apos;8749964.2729&apos;,&apos;MaxYLimReal&apos;,&apos;21250321.54389&apos;,&apos;YLabelReal&apos;,&apos;&apos;,&apos;MinYLimMag&apos;,&apos;8749964.2729&apos;,&apos;MaxYLimMag&apos;,&apos;21250321.54389&apos;,&apos;LegendVisibility&apos;,&apos;On&apos;,&apos;XGrid&apos;,true,&apos;YGrid&apos;,true,&apos;PlotMagPhase&apos;,false,&apos;AxesColor&apos;,[0 0 0],&apos;AxesTickColor&apos;,[0.686274509803922 0.686274509803922 0.686274509803922],&apos;ColorOrder&apos;,[1 1 0.0666666666666667;0.0745098039215686 0.623529411764706 1;1 0.411764705882353 0.16078431372549;0.392156862745098 0.831372549019608 0.0745098039215686;0.717647058823529 0.274509803921569 1;0.0588235294117647 1 1;1 0.0745098039215686 0.650980392156863],&apos;Title&apos;,&apos;%&lt;SignalLabel&gt;&apos;,&apos;LinePropertiesCache&apos;,{{}},&apos;UserDefinedChannelNames&apos;,{{}},&apos;NumLines&apos;,2,&apos;LineNames&apos;,{{&apos;P3&apos;,&apos;P4&apos;}},&apos;ShowContent&apos;,true,&apos;Placement&apos;,1)},&apos;DisplayPropertyDefaults&apos;,struct(&apos;MinYLimReal&apos;,&apos;8749964.2729&apos;,&apos;MaxYLimReal&apos;,&apos;21250321.54389&apos;,&apos;YLabelReal&apos;,&apos;&apos;,&apos;MinYLimMag&apos;,&apos;8749964.2729&apos;,&apos;MaxYLimMag&apos;,&apos;21250321.54389&apos;,&apos;LegendVisibility&apos;,&apos;On&apos;,&apos;XGrid&apos;,true,&apos;YGrid&apos;,true,&apos;PlotMagPhase&apos;,false,&apos;AxesColor&apos;,[0 0 0],&apos;AxesTickColor&apos;,[0.686274509803922 0.686274509803922 0.686274509803922],&apos;ColorOrder&apos;,[0.0745098039215686 0.623529411764706 1;1 0.411764705882353 0.16078431372549;1 1 0.0666666666666667;0.717647058823529 0.274509803921569 1;0.392156862745098 0.831372549019608 0.0745098039215686;0.0588235294117647 1 1;1 0.0745098039215686 0.650980392156863])),extmgr.Configuration(&apos;Tools&apos;,&apos;Plot Navigation&apos;,true),extmgr.Configuration(&apos;Tools&apos;,&apos;Measurements&apos;,true,&apos;Version&apos;,&apos;2023a&apos;)),&apos;Version&apos;,&apos;2023a&apos;,&apos;Position&apos;,[1 41 3440 1323])</P>
    <P Name="NumInputPorts">2</P>
    <P Name="Floating">off</P>
  </Block>
  <Block BlockType="SubSystem" Name="Second/Fourth Valve" SID="126">
    <PortCounts in="3" out="1"/>
    <P Name="Position">[-100, 1050, 70, 1190]</P>
    <P Name="ZOrder">410</P>
    <P Name="ErrorFcn">Stateflow.Translate.translate</P>
    <P Name="PermitHierarchicalResolution">ExplicitOnly</P>
    <P Name="TreatAsAtomicUnit">on</P>
    <P Name="SFBlockType">MATLAB Function</P>
    <P Name="ContentPreviewEnabled">on</P>
    <PortProperties>
      <Port Type="out" Index="1">
        <P Name="Name">P4</P>
        <P Name="PropagatedSignals">P4</P>
      </Port>
    </PortProperties>
    <System Ref="system_126"/>
  </Block>
  <Block BlockType="Math" Name="Square" SID="275">
    <PortCounts in="1" out="1"/>
    <P Name="Position">[505, 1410, 535, 1440]</P>
    <P Name="ZOrder">552</P>
    <P Name="Operator">square</P>
  </Block>
  <Block BlockType="Sum" Name="Subtract" SID="250">
    <PortCounts in="2" out="1"/>
    <P Name="Position">[730, 962, 760, 993]</P>
    <P Name="ZOrder">527</P>
    <P Name="IconShape">rectangular</P>
    <P Name="Inputs">+-</P>
  </Block>
  <Block BlockType="Sum" Name="Subtract1" SID="264">
    <PortCounts in="2" out="1"/>
    <P Name="Position">[730, 1107, 760, 1138]</P>
    <P Name="ZOrder">537</P>
    <P Name="IconShape">rectangular</P>
    <P Name="Inputs">+-</P>
  </Block>
  <Block BlockType="Switch" Name="Switch" SID="319">
    <P Name="Position">[-1150, 690, -1080, 740]</P>
    <P Name="ZOrder">593</P>
    <P Name="Criteria">u2 &gt; Threshold</P>
    <P Name="Threshold">param.on_time</P>
    <P Name="InputSameDT">off</P>
    <P Name="SaturateOnIntegerOverflow">off</P>
  </Block>
  <Block BlockType="Display" Name="Throttling Losses 1" SID="258">
    <PortCounts in="1"/>
    <P Name="Position">[1025, 1000, 1085, 1020]</P>
    <P Name="ZOrder">535</P>
    <P Name="Decimation">1</P>
  </Block>
  <Block BlockType="Display" Name="Throttling Losses 2" SID="265">
    <PortCounts in="1"/>
    <P Name="Position">[1025, 1145, 1085, 1165]</P>
    <P Name="ZOrder">542</P>
    <P Name="Decimation">1</P>
  </Block>
  <Block BlockType="ToWorkspace" Name="To Workspace" SID="306">
    <PortCounts in="1"/>
    <P Name="Position">[1045, 465, 1135, 495]</P>
    <P Name="ZOrder">580</P>
    <P Name="VariableName">P1</P>
    <P Name="MaxDataPoints">inf</P>
    <P Name="SaveFormat">Timeseries</P>
    <P Name="FixptAsFi">on</P>
    <P Name="SampleTime">-1</P>
  </Block>
  <Block BlockType="ToWorkspace" Name="To Workspace1" SID="307">
    <PortCounts in="1"/>
    <P Name="Position">[1150, 1530, 1240, 1560]</P>
    <P Name="ZOrder">581</P>
    <P Name="VariableName">Regen</P>
    <P Name="MaxDataPoints">inf</P>
    <P Name="SaveFormat">Timeseries</P>
    <P Name="FixptAsFi">on</P>
    <P Name="SampleTime">-1</P>
  </Block>
  <Block BlockType="ToWorkspace" Name="To Workspace2" SID="308">
    <PortCounts in="1"/>
    <P Name="Position">[1150, 1380, 1240, 1410]</P>
    <P Name="ZOrder">582</P>
    <P Name="VariableName">KE</P>
    <P Name="MaxDataPoints">inf</P>
    <P Name="SaveFormat">Timeseries</P>
    <P Name="FixptAsFi">on</P>
    <P Name="SampleTime">-1</P>
  </Block>
  <Block BlockType="ToWorkspace" Name="To Workspace3" SID="330">
    <PortCounts in="1"/>
    <P Name="Position">[-585, 880, -495, 910]</P>
    <P Name="ZOrder">604</P>
    <P Name="VariableName">T_elec</P>
    <P Name="MaxDataPoints">inf</P>
    <P Name="SaveFormat">Timeseries</P>
    <P Name="FixptAsFi">on</P>
    <P Name="SampleTime">-1</P>
  </Block>
  <Block BlockType="ToWorkspace" Name="To Workspace4" SID="342">
    <PortCounts in="1"/>
    <P Name="Position">[365, 695, 455, 725]</P>
    <P Name="ZOrder">616</P>
    <P Name="VariableName">omega</P>
    <P Name="MaxDataPoints">inf</P>
    <P Name="SaveFormat">Timeseries</P>
    <P Name="FixptAsFi">on</P>
    <P Name="SampleTime">-1</P>
  </Block>
  <Block BlockType="ToWorkspace" Name="To Workspace5" SID="343">
    <PortCounts in="1"/>
    <P Name="Position">[1820, 1085, 1910, 1115]</P>
    <P Name="ZOrder">617</P>
    <P Name="VariableName">KE_power</P>
    <P Name="MaxDataPoints">inf</P>
    <P Name="SaveFormat">Timeseries</P>
    <P Name="FixptAsFi">on</P>
    <P Name="SampleTime">-1</P>
  </Block>
  <Block BlockType="ToWorkspace" Name="To Workspace6" SID="344">
    <PortCounts in="1"/>
    <P Name="Position">[805, 1610, 895, 1640]</P>
    <P Name="ZOrder">618</P>
    <P Name="VariableName">Regen_power</P>
    <P Name="MaxDataPoints">inf</P>
    <P Name="SaveFormat">Timeseries</P>
    <P Name="FixptAsFi">on</P>
    <P Name="SampleTime">-1</P>
  </Block>
  <Block BlockType="ToWorkspace" Name="To Workspace7" SID="346">
    <PortCounts in="1"/>
    <P Name="Position">[1280, 965, 1370, 995]</P>
    <P Name="ZOrder">620</P>
    <P Name="VariableName">Losses</P>
    <P Name="MaxDataPoints">inf</P>
    <P Name="SaveFormat">Timeseries</P>
    <P Name="FixptAsFi">on</P>
    <P Name="SampleTime">-1</P>
  </Block>
  <Block BlockType="Display" Name="Work Out" SID="274">
    <PortCounts in="1"/>
    <P Name="Position">[1025, 1275, 1085, 1295]</P>
    <P Name="ZOrder">551</P>
    <P Name="Decimation">1</P>
  </Block>
  <Block BlockType="Display" Name="revs" SID="121">
    <PortCounts in="1"/>
    <P Name="Position">[400, 620, 460, 640]</P>
    <P Name="ZOrder">405</P>
    <P Name="Decimation">1</P>
  </Block>
  <Line>
    <P Name="ZOrder">113</P>
    <P Name="Src">117#out:1</P>
    <P Name="Points">[22, 0]</P>
    <Branch>
      <P Name="ZOrder">795</P>
      <P Name="Points">[0, -110]</P>
      <P Name="Dst">334#in:1</P>
    </Branch>
    <Branch>
      <P Name="ZOrder">794</P>
      <P Name="Points">[17, 0]</P>
      <Branch>
        <P Name="ZOrder">955</P>
        <P Name="Points">[0, -65]</P>
        <P Name="Dst">360#in:1</P>
      </Branch>
      <Branch>
        <P Name="ZOrder">954</P>
        <P Name="Dst">119#in:1</P>
      </Branch>
    </Branch>
  </Line>
  <Line>
    <P Name="Name">omega</P>
    <P Name="ZOrder">114</P>
    <P Name="Src">119#out:1</P>
    <P Name="Points">[37, 0]</P>
    <Branch>
      <P Name="ZOrder">767</P>
      <P Name="Labels">[1, 0]</P>
      <P Name="Points">[0, 80]</P>
      <P Name="Dst">310#in:1</P>
    </Branch>
    <Branch>
      <P Name="ZOrder">556</P>
      <P Name="Points">[0, -95]</P>
      <P Name="Dst">228#in:1</P>
    </Branch>
    <Branch>
      <P Name="ZOrder">555</P>
      <P Name="Points">[29, 0]</P>
      <Branch>
        <P Name="ZOrder">809</P>
        <P Name="Points">[0, 40; 74, 0; 0, 40]</P>
        <P Name="Dst">342#in:1</P>
      </Branch>
      <Branch>
        <P Name="ZOrder">808</P>
        <P Name="Dst">120#in:1</P>
      </Branch>
    </Branch>
  </Line>
  <Line>
    <P Name="ZOrder">117</P>
    <P Name="Src">120#out:1</P>
    <P Name="Points">[33, 0]</P>
    <Branch>
      <P Name="ZOrder">933</P>
      <P Name="Points">[0, -65]</P>
      <P Name="Dst">347#in:1</P>
    </Branch>
    <Branch>
      <P Name="ZOrder">932</P>
      <P Name="Dst">122#in:1</P>
    </Branch>
  </Line>
  <Line>
    <P Name="ZOrder">118</P>
    <P Name="Src">122#out:1</P>
    <P Name="Dst">121#in:1</P>
  </Line>
  <Line>
    <P Name="ZOrder">121</P>
    <P Name="Src">125#out:1</P>
    <P Name="Dst">123#in:3</P>
  </Line>
  <Line>
    <P Name="ZOrder">126</P>
    <P Name="Src">127#out:1</P>
    <P Name="Dst">126#in:3</P>
  </Line>
  <Line>
    <P Name="ZOrder">130</P>
    <P Name="Src">128#out:1</P>
    <P Name="Points">[33, 0; 0, 45]</P>
    <P Name="Dst">129#in:1</P>
  </Line>
  <Line>
    <P Name="Name">P1</P>
    <P Name="ZOrder">132</P>
    <P Name="Src">129#out:1</P>
    <P Name="Points">[66, 0]</P>
    <Branch>
      <P Name="ZOrder">768</P>
      <P Name="Labels">[1, 1]</P>
      <P Name="Points">[0, 95]</P>
      <P Name="Dst">225#in:1</P>
    </Branch>
    <Branch>
      <P Name="ZOrder">677</P>
      <P Name="Points">[0, -70]</P>
      <Branch>
        <P Name="ZOrder">676</P>
        <P Name="Points">[0, -80]</P>
        <P Name="Dst">306#in:1</P>
      </Branch>
      <Branch>
        <P Name="ZOrder">226</P>
        <P Name="Dst">143#in:1</P>
      </Branch>
    </Branch>
    <Branch>
      <P Name="ZOrder">220</P>
      <P Name="Dst">132#in:1</P>
    </Branch>
  </Line>
  <Line>
    <P Name="Name">P3</P>
    <P Name="ZOrder">186</P>
    <P Name="Labels">[1, 1]</P>
    <P Name="Src">123#out:1</P>
    <P Name="Points">[59, 0]</P>
    <Branch>
      <P Name="ZOrder">544</P>
      <P Name="Dst">141#in:1</P>
    </Branch>
    <Branch>
      <P Name="ZOrder">540</P>
      <P Name="Points">[0, -65]</P>
      <P Name="Dst">217#in:1</P>
    </Branch>
    <Branch>
      <P Name="ZOrder">541</P>
      <P Name="Points">[0, 60; 69, 0]</P>
      <Branch>
        <P Name="ZOrder">935</P>
        <P Name="Points">[0, 95]</P>
        <P Name="Dst">348#in:1</P>
      </Branch>
      <Branch>
        <P Name="ZOrder">934</P>
        <P Name="Dst">139#in:1</P>
      </Branch>
    </Branch>
  </Line>
  <Line>
    <P Name="Name">P4</P>
    <P Name="ZOrder">187</P>
    <P Name="Labels">[1, 1]</P>
    <P Name="Src">126#out:1</P>
    <P Name="Points">[52, 0]</P>
    <Branch>
      <P Name="ZOrder">214</P>
      <P Name="Points">[0, 55; 54, 0]</P>
      <Branch>
        <P Name="ZOrder">937</P>
        <P Name="Points">[0, -24; 146, 0; 0, -101]</P>
        <P Name="Dst">348#in:2</P>
      </Branch>
      <Branch>
        <P Name="ZOrder">936</P>
        <P Name="Dst">142#in:1</P>
      </Branch>
    </Branch>
    <Branch>
      <P Name="ZOrder">542</P>
      <P Name="Points">[0, -55]</P>
      <P Name="Dst">218#in:1</P>
    </Branch>
    <Branch>
      <P Name="ZOrder">202</P>
      <P Name="Dst">140#in:1</P>
    </Branch>
  </Line>
  <Line>
    <P Name="ZOrder">260</P>
    <P Name="Src">149#out:1</P>
    <P Name="Points">[70, 0; 0, -35]</P>
    <P Name="Dst">144#in:5</P>
  </Line>
  <Line>
    <P Name="ZOrder">545</P>
    <P Name="Src">219#out:1</P>
    <P Name="Dst">117#in:2</P>
  </Line>
  <Line>
    <P Name="ZOrder">546</P>
    <P Name="Src">220#out:1</P>
    <P Name="Points">[22, 0; 0, 15]</P>
    <P Name="Dst">117#in:1</P>
  </Line>
  <Line>
    <P Name="ZOrder">574</P>
    <P Name="Src">253#out:1</P>
    <P Name="Dst">123#in:1</P>
  </Line>
  <Line>
    <P Name="ZOrder">548</P>
    <P Name="Src">144#out:3</P>
    <P Name="Points">[7, 0; 0, 15]</P>
    <P Name="Dst">221#in:1</P>
  </Line>
  <Line>
    <P Name="ZOrder">549</P>
    <P Name="Src">222#out:1</P>
    <P Name="Points">[18, 0]</P>
    <Branch>
      <P Name="ZOrder">1099</P>
      <P Name="Points">[0, -90]</P>
      <P Name="Dst">362#in:1</P>
    </Branch>
    <Branch>
      <P Name="ZOrder">1098</P>
      <P Name="Dst">128#in:1</P>
    </Branch>
  </Line>
  <Line>
    <P Name="ZOrder">550</P>
    <P Name="Src">144#out:1</P>
    <P Name="Points">[29, 0]</P>
    <Branch>
      <P Name="ZOrder">947</P>
      <P Name="Points">[0, -45]</P>
      <Branch>
        <P Name="ZOrder">792</P>
        <P Name="Dst">330#in:1</P>
      </Branch>
      <Branch>
        <P Name="ZOrder">791</P>
        <P Name="Points">[0, -65]</P>
        <P Name="Dst">309#in:1</P>
      </Branch>
    </Branch>
    <Branch>
      <P Name="ZOrder">938</P>
      <P Name="Points">[0, 10]</P>
      <P Name="Dst">223#in:1</P>
    </Branch>
  </Line>
  <Line>
    <P Name="ZOrder">551</P>
    <P Name="Src">224#out:1</P>
    <P Name="Points">[25, 0; 0, -15]</P>
    <P Name="Dst">117#in:3</P>
  </Line>
  <Line>
    <P Name="ZOrder">553</P>
    <P Name="Src">226#out:1</P>
    <P Name="Points">[36, 0; 0, 65]</P>
    <P Name="Dst">144#in:1</P>
  </Line>
  <Line>
    <P Name="ZOrder">787</P>
    <P Name="Src">328#out:1</P>
    <P Name="Points">[67, 0; 0, 40]</P>
    <P Name="Dst">144#in:2</P>
  </Line>
  <Line>
    <P Name="ZOrder">557</P>
    <P Name="Src">229#out:1</P>
    <P Name="Dst">116#in:1</P>
  </Line>
  <Line>
    <P Name="ZOrder">558</P>
    <P Name="Src">116#out:1</P>
    <P Name="Dst">230#in:1</P>
  </Line>
  <Line>
    <P Name="ZOrder">559</P>
    <P Name="Src">232#out:1</P>
    <P Name="Dst">123#in:2</P>
  </Line>
  <Line>
    <P Name="ZOrder">560</P>
    <P Name="Src">233#out:1</P>
    <P Name="Dst">126#in:2</P>
  </Line>
  <Line>
    <P Name="ZOrder">562</P>
    <P Name="Src">235#out:1</P>
    <P Name="Points">[60, 0; 0, 15]</P>
    <P Name="Dst">144#in:3</P>
  </Line>
  <Line>
    <P Name="ZOrder">563</P>
    <P Name="Src">236#out:1</P>
    <P Name="Points">[60, 0; 0, -10]</P>
    <P Name="Dst">144#in:4</P>
  </Line>
  <Line>
    <P Name="ZOrder">566</P>
    <P Name="Src">144#out:2</P>
    <P Name="Points">[13, 0; 0, 15]</P>
    <P Name="Dst">237#in:1</P>
  </Line>
  <Line>
    <P Name="ZOrder">567</P>
    <P Name="Src">238#out:1</P>
    <P Name="Dst">126#in:1</P>
  </Line>
  <Line>
    <P Name="ZOrder">568</P>
    <P Name="Src">246#out:1</P>
    <P Name="Points">[42, 0; 0, -25]</P>
    <P Name="Dst">244#in:2</P>
  </Line>
  <Line>
    <P Name="ZOrder">569</P>
    <P Name="Src">243#out:1</P>
    <P Name="Dst">244#in:1</P>
  </Line>
  <Line>
    <P Name="ZOrder">570</P>
    <P Name="Src">244#out:1</P>
    <P Name="Dst">247#in:1</P>
  </Line>
  <Line>
    <P Name="ZOrder">571</P>
    <P Name="Src">247#out:1</P>
    <P Name="Points">[19, 0]</P>
    <Branch>
      <P Name="ZOrder">624</P>
      <P Name="Points">[0, 60]</P>
      <P Name="Dst">299#in:1</P>
    </Branch>
    <Branch>
      <P Name="ZOrder">623</P>
      <P Name="Dst">248#in:1</P>
    </Branch>
  </Line>
  <Line>
    <P Name="ZOrder">572</P>
    <P Name="Src">250#out:1</P>
    <P Name="Points">[33, 0; 0, 20]</P>
    <P Name="Dst">249#in:1</P>
  </Line>
  <Line>
    <P Name="ZOrder">575</P>
    <P Name="Src">254#out:1</P>
    <P Name="Points">[35, 0; 0, 20]</P>
    <P Name="Dst">250#in:1</P>
  </Line>
  <Line>
    <P Name="ZOrder">576</P>
    <P Name="Src">255#out:1</P>
    <P Name="Dst">250#in:2</P>
  </Line>
  <Line>
    <P Name="ZOrder">577</P>
    <P Name="Src">256#out:1</P>
    <P Name="Points">[85, 0; 0, -10]</P>
    <P Name="Dst">249#in:2</P>
  </Line>
  <Line>
    <P Name="ZOrder">578</P>
    <P Name="Src">249#out:1</P>
    <P Name="Dst">257#in:1</P>
  </Line>
  <Line>
    <P Name="ZOrder">582</P>
    <P Name="Src">263#out:1</P>
    <P Name="Dst">262#in:1</P>
  </Line>
  <Line>
    <P Name="ZOrder">583</P>
    <P Name="Src">261#out:1</P>
    <P Name="Points">[85, 0; 0, -10]</P>
    <P Name="Dst">263#in:2</P>
  </Line>
  <Line>
    <P Name="ZOrder">584</P>
    <P Name="Src">264#out:1</P>
    <P Name="Points">[33, 0; 0, 20]</P>
    <P Name="Dst">263#in:1</P>
  </Line>
  <Line>
    <P Name="ZOrder">585</P>
    <P Name="Src">262#out:1</P>
    <P Name="Points">[25, 0]</P>
    <Branch>
      <P Name="ZOrder">930</P>
      <P Name="Points">[0, -170]</P>
      <P Name="Dst">345#in:2</P>
    </Branch>
    <Branch>
      <P Name="ZOrder">609</P>
      <P Name="Points">[0, 65]</P>
      <P Name="Dst">290#in:1</P>
    </Branch>
    <Branch>
      <P Name="ZOrder">608</P>
      <P Name="Dst">265#in:1</P>
    </Branch>
  </Line>
  <Line>
    <P Name="ZOrder">588</P>
    <P Name="Src">268#out:1</P>
    <P Name="Points">[33, 0; 0, 20]</P>
    <P Name="Dst">264#in:1</P>
  </Line>
  <Line>
    <P Name="ZOrder">589</P>
    <P Name="Src">267#out:1</P>
    <P Name="Dst">264#in:2</P>
  </Line>
  <Line>
    <P Name="ZOrder">590</P>
    <P Name="Src">271#out:1</P>
    <P Name="Points">[25, 0; 0, -10]</P>
    <P Name="Dst">269#in:2</P>
  </Line>
  <Line>
    <P Name="ZOrder">591</P>
    <P Name="Src">270#out:1</P>
    <P Name="Points">[24, 0; 0, 10]</P>
    <P Name="Dst">269#in:1</P>
  </Line>
  <Line>
    <P Name="ZOrder">592</P>
    <P Name="Src">269#out:1</P>
    <P Name="Dst">273#in:1</P>
  </Line>
  <Line>
    <P Name="ZOrder">593</P>
    <P Name="Src">273#out:1</P>
    <P Name="Points">[17, 0]</P>
    <Branch>
      <P Name="ZOrder">613</P>
      <P Name="Points">[0, 65]</P>
      <P Name="Dst">292#in:1</P>
    </Branch>
    <Branch>
      <P Name="ZOrder">612</P>
      <P Name="Dst">274#in:1</P>
    </Branch>
  </Line>
  <Line>
    <P Name="ZOrder">594</P>
    <P Name="Src">276#out:1</P>
    <P Name="Dst">275#in:1</P>
  </Line>
  <Line>
    <P Name="ZOrder">595</P>
    <P Name="Src">275#out:1</P>
    <P Name="Dst">277#in:1</P>
  </Line>
  <Line>
    <P Name="ZOrder">596</P>
    <P Name="Src">277#out:1</P>
    <P Name="Dst">279#in:1</P>
  </Line>
  <Line>
    <P Name="ZOrder">597</P>
    <P Name="Src">279#out:1</P>
    <P Name="Points">[45, 0]</P>
    <Branch>
      <P Name="ZOrder">680</P>
      <P Name="Points">[0, -30]</P>
      <P Name="Dst">308#in:1</P>
    </Branch>
    <Branch>
      <P Name="ZOrder">617</P>
      <P Name="Dst">278#in:1</P>
    </Branch>
    <Branch>
      <P Name="ZOrder">616</P>
      <P Name="Points">[0, 60]</P>
      <P Name="Dst">294#in:1</P>
    </Branch>
  </Line>
  <Line>
    <P Name="ZOrder">598</P>
    <P Name="Src">117#out:2</P>
    <P Name="Points">[32, 0]</P>
    <Branch>
      <P Name="ZOrder">600</P>
      <P Name="Points">[0, 45]</P>
      <Branch>
        <P Name="ZOrder">942</P>
        <P Name="Points">[0, 45]</P>
        <P Name="Dst">353#in:1</P>
      </Branch>
      <Branch>
        <P Name="ZOrder">941</P>
        <P Name="Dst">281#in:1</P>
      </Branch>
    </Branch>
    <Branch>
      <P Name="ZOrder">599</P>
      <P Name="Dst">280#in:1</P>
    </Branch>
  </Line>
  <Line>
    <P Name="ZOrder">601</P>
    <P Name="Src">283#out:1</P>
    <P Name="Points">[31, 0; 0, 15]</P>
    <P Name="Dst">282#in:1</P>
  </Line>
  <Line>
    <P Name="ZOrder">602</P>
    <P Name="Src">284#out:1</P>
    <P Name="Points">[30, 0; 0, -15]</P>
    <P Name="Dst">282#in:2</P>
  </Line>
  <Line>
    <P Name="ZOrder">603</P>
    <P Name="Src">282#out:1</P>
    <P Name="Points">[25, 0]</P>
    <Branch>
      <P Name="ZOrder">815</P>
      <P Name="Points">[0, 55]</P>
      <P Name="Dst">344#in:1</P>
    </Branch>
    <Branch>
      <P Name="ZOrder">814</P>
      <P Name="Dst">285#in:1</P>
    </Branch>
  </Line>
  <Line>
    <P Name="ZOrder">604</P>
    <P Name="Src">285#out:1</P>
    <P Name="Points">[88, 0]</P>
    <Branch>
      <P Name="ZOrder">679</P>
      <P Name="Points">[0, -25]</P>
      <P Name="Dst">307#in:1</P>
    </Branch>
    <Branch>
      <P Name="ZOrder">620</P>
      <P Name="Points">[0, 55]</P>
      <P Name="Dst">296#in:1</P>
    </Branch>
    <Branch>
      <P Name="ZOrder">619</P>
      <P Name="Dst">286#in:1</P>
    </Branch>
  </Line>
  <Line>
    <P Name="ZOrder">579</P>
    <P Name="Src">257#out:1</P>
    <P Name="Points">[18, 0]</P>
    <Branch>
      <P Name="ZOrder">929</P>
      <P Name="Points">[0, -40]</P>
      <P Name="Dst">345#in:1</P>
    </Branch>
    <Branch>
      <P Name="ZOrder">607</P>
      <P Name="Points">[0, 55]</P>
      <P Name="Dst">288#in:1</P>
    </Branch>
    <Branch>
      <P Name="ZOrder">606</P>
      <P Name="Dst">258#in:1</P>
    </Branch>
  </Line>
  <Line>
    <P Name="ZOrder">610</P>
    <P Name="Src">289#out:1</P>
    <P Name="Points">[38, 0; 0, 40]</P>
    <P Name="Dst">287#in:1</P>
  </Line>
  <Line>
    <P Name="ZOrder">611</P>
    <P Name="Src">291#out:1</P>
    <P Name="Points">[31, 0; 0, 25]</P>
    <P Name="Dst">287#in:2</P>
  </Line>
  <Line>
    <P Name="ZOrder">614</P>
    <P Name="Src">293#out:1</P>
    <P Name="Points">[23, 0; 0, 10]</P>
    <P Name="Dst">287#in:3</P>
  </Line>
  <Line>
    <P Name="ZOrder">618</P>
    <P Name="Src">295#out:1</P>
    <P Name="Points">[38, 0; 0, -5]</P>
    <P Name="Dst">287#in:4</P>
  </Line>
  <Line>
    <P Name="ZOrder">621</P>
    <P Name="Src">297#out:1</P>
    <P Name="Points">[28, 0; 0, -20]</P>
    <P Name="Dst">287#in:5</P>
  </Line>
  <Line>
    <P Name="ZOrder">622</P>
    <P Name="Src">287#out:1</P>
    <P Name="Points">[12, 0]</P>
    <Branch>
      <P Name="ZOrder">627</P>
      <P Name="Points">[0, 90]</P>
      <P Name="Dst">302#in:1</P>
    </Branch>
    <Branch>
      <P Name="ZOrder">626</P>
      <P Name="Dst">298#in:1</P>
    </Branch>
  </Line>
  <Line>
    <P Name="ZOrder">625</P>
    <P Name="Src">300#out:1</P>
    <P Name="Points">[81, 0]</P>
    <Branch>
      <P Name="ZOrder">631</P>
      <P Name="Points">[0, -70]</P>
      <P Name="Dst">302#in:2</P>
    </Branch>
    <Branch>
      <P Name="ZOrder">630</P>
      <P Name="Dst">301#in:1</P>
    </Branch>
  </Line>
  <Line>
    <P Name="ZOrder">770</P>
    <P Name="Src">313#out:1</P>
    <P Name="Points">[43, 0; 0, -45]</P>
    <P Name="Dst">129#in:2</P>
  </Line>
  <Line>
    <P Name="ZOrder">771</P>
    <P Name="Src">314#out:1</P>
    <P Name="Dst">312#in:1</P>
  </Line>
  <Line>
    <P Name="ZOrder">773</P>
    <P Name="Src">317#out:1</P>
    <P Name="Points">[26, 0]</P>
    <Branch>
      <P Name="ZOrder">776</P>
      <P Name="Points">[0, 60]</P>
      <P Name="Dst">318#in:1</P>
    </Branch>
    <Branch>
      <P Name="ZOrder">775</P>
      <P Name="Dst">319#in:2</P>
    </Branch>
  </Line>
  <Line>
    <P Name="ZOrder">777</P>
    <P Name="Src">251#out:1</P>
    <P Name="Points">[17, 0; 0, 20]</P>
    <P Name="Dst">319#in:1</P>
  </Line>
  <Line>
    <P Name="ZOrder">778</P>
    <P Name="Src">321#out:1</P>
    <P Name="Points">[38, 0; 0, -20]</P>
    <P Name="Dst">319#in:3</P>
  </Line>
  <Line>
    <P Name="ZOrder">779</P>
    <P Name="Src">319#out:1</P>
    <P Name="Points">[15, 0]</P>
    <Branch>
      <P Name="ZOrder">781</P>
      <P Name="Points">[0, -75]</P>
      <P Name="Dst">322#in:1</P>
    </Branch>
    <Branch>
      <P Name="ZOrder">780</P>
      <P Name="Dst">252#in:1</P>
    </Branch>
  </Line>
  <Line>
    <P Name="ZOrder">788</P>
    <P Name="Src">329#out:1</P>
    <P Name="Points">[35, 0; 0, -60]</P>
    <P Name="Dst">144#in:6</P>
  </Line>
  <Line>
    <P Name="ZOrder">793</P>
    <P Name="Src">332#out:1</P>
    <P Name="Points">[10, 0; 0, 10]</P>
    <P Name="Dst">333#in:1</P>
  </Line>
  <Line>
    <P Name="ZOrder">796</P>
    <P Name="Src">335#out:1</P>
    <P Name="Points">[28, 0; 0, -20]</P>
    <P Name="Dst">333#in:2</P>
  </Line>
  <Line>
    <P Name="ZOrder">797</P>
    <P Name="Src">333#out:1</P>
    <P Name="Dst">331#in:1</P>
  </Line>
  <Line>
    <P Name="ZOrder">798</P>
    <P Name="Src">331#out:1</P>
    <P Name="Points">[21, 0]</P>
    <Branch>
      <P Name="ZOrder">805</P>
      <P Name="Dst">336#in:1</P>
    </Branch>
    <Branch>
      <P Name="ZOrder">813</P>
      <P Name="Points">[0, -45]</P>
      <P Name="Dst">343#in:1</P>
    </Branch>
    <Branch>
      <P Name="ZOrder">806</P>
      <P Name="Points">[0, 125]</P>
      <P Name="Dst">338#in:1</P>
    </Branch>
  </Line>
  <Line>
    <P Name="ZOrder">799</P>
    <P Name="Src">336#out:1</P>
    <P Name="Dst">337#in:1</P>
  </Line>
  <Line>
    <P Name="ZOrder">931</P>
    <P Name="Src">345#out:1</P>
    <P Name="Dst">346#in:1</P>
  </Line>
  <Line>
    <P Name="ZOrder">948</P>
    <P Name="Src">357#out:1</P>
    <P Name="Points">[15, 0]</P>
    <Branch>
      <P Name="ZOrder">951</P>
      <P Name="Points">[0, 41; 108, 0; 0, -31]</P>
      <P Name="Dst">359#in:2</P>
    </Branch>
    <Branch>
      <P Name="ZOrder">950</P>
      <P Name="Dst">356#in:1</P>
    </Branch>
  </Line>
  <Line>
    <P Name="ZOrder">949</P>
    <P Name="Src">356#out:1</P>
    <P Name="Points">[24, 0]</P>
    <Branch>
      <P Name="ZOrder">953</P>
      <P Name="Points">[0, -67; -294, 0; 0, -78]</P>
      <P Name="Dst">144#in:7</P>
    </Branch>
    <Branch>
      <P Name="ZOrder">952</P>
      <P Name="Points">[3, 0; 0, -5]</P>
      <P Name="Dst">359#in:1</P>
    </Branch>
  </Line>
  <Annotation SID="3">
    <P Name="Position">[370, 117, 814, 437]</P>
    <P Name="InternalMargins">[0, 0, 0, 0]</P>
    <P Name="ImagePath">[$unpackedFolder]/simulink/resources/mwimg_9af4c413-f32f-492a-bf8e-25aa99fbe808.png</P>
    <P Name="FixedHeight">on</P>
    <P Name="FixedWidth">on</P>
    <P Name="AnnotationType">image_annotation</P>
    <P Name="ZOrder">-1</P>
  </Annotation>
  <Annotation SID="2">
    <P Name="Position">[-530, 114, 202, 440]</P>
    <P Name="InternalMargins">[0, 0, 0, 0]</P>
    <P Name="ImagePath">[$unpackedFolder]/simulink/resources/mwimg_647312f3-8f61-45fe-82e6-c3187c19bc99.png</P>
    <P Name="FixedHeight">on</P>
    <P Name="FixedWidth">on</P>
    <P Name="AnnotationType">image_annotation</P>
    <P Name="ZOrder">-2</P>
  </Annotation>
</System>
