<?xml version="1.0" encoding="utf-8"?>
<System>
  <P Name="Location">[223, 338, 826, 833]</P>
  <P Name="SIDHighWatermark">44</P>
  <Block BlockType="Inport" Name="P1" SID="144::1">
    <P Name="Position">[20, 101, 40, 119]</P>
    <P Name="ZOrder">-1</P>
    <PortProperties>
      <Port Type="out" Index="1">
        <P Name="PropagatedSignals">P1</P>
      </Port>
    </PortProperties>
  </Block>
  <Block BlockType="Inport" Name="Pdes" SID="144::30">
    <P Name="Position">[20, 136, 40, 154]</P>
    <P Name="ZOrder">21</P>
    <P Name="Port">2</P>
  </Block>
  <Block BlockType="Inport" Name="Q_hyd" SID="144::31">
    <P Name="Position">[20, 171, 40, 189]</P>
    <P Name="ZOrder">22</P>
    <P Name="Port">3</P>
    <PortProperties>
      <Port Type="out" Index="1">
        <P Name="PropagatedSignals">Q_hyd</P>
      </Port>
    </PortProperties>
  </Block>
  <Block BlockType="Inport" Name="omega" SID="144::33">
    <P Name="Position">[20, 206, 40, 224]</P>
    <P Name="ZOrder">24</P>
    <P Name="Port">4</P>
    <PortProperties>
      <Port Type="out" Index="1">
        <P Name="PropagatedSignals">omega</P>
      </Port>
    </PortProperties>
  </Block>
  <Block BlockType="Inport" Name="Kd" SID="144::34">
    <P Name="Position">[20, 246, 40, 264]</P>
    <P Name="ZOrder">25</P>
    <P Name="Port">5</P>
  </Block>
  <Block BlockType="Inport" Name="clock" SID="144::36">
    <P Name="Position">[20, 281, 40, 299]</P>
    <P Name="ZOrder">27</P>
    <P Name="Port">6</P>
  </Block>
  <Block BlockType="Inport" Name="hyd_torque" SID="144::41">
    <P Name="Position">[20, 316, 40, 334]</P>
    <P Name="ZOrder">31</P>
    <P Name="Port">7</P>
  </Block>
  <Block BlockType="Demux" Name=" Demux " SID="144::43">
    <PortCounts in="1" out="1"/>
    <P Name="Position">[270, 245, 320, 285]</P>
    <P Name="ZOrder">33</P>
    <P Name="Outputs">1</P>
  </Block>
  <Block BlockType="S-Function" Name=" SFunction " SID="144::42">
    <P Name="Tag">Stateflow S-Function 6</P>
    <PortCounts in="7" out="4"/>
    <P Name="Position">[180, 100, 230, 260]</P>
    <P Name="ZOrder">32</P>
    <P Name="FunctionName">sf_sfun</P>
    <P Name="Parameters">param</P>
    <P Name="PortCounts">[7 4]</P>
    <P Name="SFunctionDeploymentMode">off</P>
    <P Name="EnableBusSupport">on</P>
    <P Name="SFcnIsStateOwnerBlock">off</P>
    <PortProperties>
      <Port Type="out" Index="2">
        <P Name="Name">T_elec</P>
      </Port>
      <Port Type="out" Index="3">
        <P Name="Name">Pin</P>
      </Port>
      <Port Type="out" Index="4">
        <P Name="Name">Q_supply</P>
      </Port>
    </PortProperties>
  </Block>
  <Block BlockType="Terminator" Name=" Terminator " SID="144::44">
    <P Name="Position">[460, 256, 480, 274]</P>
    <P Name="ZOrder">34</P>
  </Block>
  <Block BlockType="Outport" Name="T_elec" SID="144::5">
    <P Name="Position">[460, 101, 480, 119]</P>
    <P Name="ZOrder">-5</P>
  </Block>
  <Block BlockType="Outport" Name="Pin" SID="144::29">
    <P Name="Position">[460, 136, 480, 154]</P>
    <P Name="ZOrder">20</P>
    <P Name="Port">2</P>
  </Block>
  <Block BlockType="Outport" Name="Q_supply" SID="144::32">
    <P Name="Position">[460, 171, 480, 189]</P>
    <P Name="ZOrder">23</P>
    <P Name="Port">3</P>
  </Block>
  <Line>
    <P Name="ZOrder">333</P>
    <P Name="Src">144::1#out:1</P>
    <P Name="Dst">144::42#in:1</P>
  </Line>
  <Line>
    <P Name="ZOrder">334</P>
    <P Name="Src">144::30#out:1</P>
    <P Name="Dst">144::42#in:2</P>
  </Line>
  <Line>
    <P Name="ZOrder">335</P>
    <P Name="Src">144::31#out:1</P>
    <P Name="Dst">144::42#in:3</P>
  </Line>
  <Line>
    <P Name="ZOrder">336</P>
    <P Name="Src">144::33#out:1</P>
    <P Name="Dst">144::42#in:4</P>
  </Line>
  <Line>
    <P Name="ZOrder">337</P>
    <P Name="Src">144::34#out:1</P>
    <P Name="Dst">144::42#in:5</P>
  </Line>
  <Line>
    <P Name="ZOrder">338</P>
    <P Name="Src">144::36#out:1</P>
    <P Name="Dst">144::42#in:6</P>
  </Line>
  <Line>
    <P Name="ZOrder">339</P>
    <P Name="Src">144::41#out:1</P>
    <P Name="Dst">144::42#in:7</P>
  </Line>
  <Line>
    <P Name="Name">T_elec</P>
    <P Name="ZOrder">340</P>
    <P Name="Labels">[0, 0]</P>
    <P Name="Src">144::42#out:2</P>
    <P Name="Dst">144::5#in:1</P>
  </Line>
  <Line>
    <P Name="Name">Pin</P>
    <P Name="ZOrder">341</P>
    <P Name="Labels">[0, 0]</P>
    <P Name="Src">144::42#out:3</P>
    <P Name="Dst">144::29#in:1</P>
  </Line>
  <Line>
    <P Name="Name">Q_supply</P>
    <P Name="ZOrder">342</P>
    <P Name="Labels">[0, 0]</P>
    <P Name="Src">144::42#out:4</P>
    <P Name="Dst">144::32#in:1</P>
  </Line>
  <Line>
    <P Name="ZOrder">343</P>
    <P Name="Src">144::43#out:1</P>
    <P Name="Dst">144::44#in:1</P>
  </Line>
  <Line>
    <P Name="ZOrder">344</P>
    <P Name="Src">144::42#out:1</P>
    <P Name="Points">[20, 0]</P>
    <P Name="Dst">144::43#in:1</P>
  </Line>
</System>
