<?xml version="1.0" encoding="utf-8"?>
<System>
  <P Name="Location">[223, 338, 826, 833]</P>
  <P Name="SIDHighWatermark">33</P>
  <Block BlockType="Inport" Name="Pin" SID="126::1">
    <P Name="Position">[20, 101, 40, 119]</P>
    <P Name="ZOrder">-1</P>
    <PortProperties>
      <Port Type="out" Index="1">
        <P Name="PropagatedSignals">Pin</P>
      </Port>
    </PortProperties>
  </Block>
  <Block BlockType="Inport" Name="Q_hyd" SID="126::28">
    <P Name="Position">[20, 136, 40, 154]</P>
    <P Name="ZOrder">19</P>
    <P Name="Port">2</P>
    <PortProperties>
      <Port Type="out" Index="1">
        <P Name="PropagatedSignals">Q_hyd</P>
      </Port>
    </PortProperties>
  </Block>
  <Block BlockType="Inport" Name="Av" SID="126::30">
    <P Name="Position">[20, 171, 40, 189]</P>
    <P Name="ZOrder">21</P>
    <P Name="Port">3</P>
  </Block>
  <Block BlockType="Demux" Name=" Demux " SID="126::32">
    <PortCounts in="1" out="1"/>
    <P Name="Position">[270, 230, 320, 270]</P>
    <P Name="ZOrder">23</P>
    <P Name="Outputs">1</P>
  </Block>
  <Block BlockType="S-Function" Name=" SFunction " SID="126::31">
    <P Name="Tag">Stateflow S-Function 4</P>
    <PortCounts in="3" out="2"/>
    <P Name="Position">[180, 100, 230, 180]</P>
    <P Name="ZOrder">22</P>
    <P Name="FunctionName">sf_sfun</P>
    <P Name="Parameters">param</P>
    <P Name="PortCounts">[3 2]</P>
    <P Name="SFunctionDeploymentMode">off</P>
    <P Name="EnableBusSupport">on</P>
    <P Name="SFcnIsStateOwnerBlock">off</P>
    <PortProperties>
      <Port Type="out" Index="2">
        <P Name="Name">P4</P>
      </Port>
    </PortProperties>
  </Block>
  <Block BlockType="Terminator" Name=" Terminator " SID="126::33">
    <P Name="Position">[460, 241, 480, 259]</P>
    <P Name="ZOrder">24</P>
  </Block>
  <Block BlockType="Outport" Name="P4" SID="126::5">
    <P Name="Position">[460, 101, 480, 119]</P>
    <P Name="ZOrder">-5</P>
  </Block>
  <Line>
    <P Name="ZOrder">7</P>
    <P Name="Src">126::1#out:1</P>
    <P Name="Dst">126::31#in:1</P>
  </Line>
  <Line>
    <P Name="ZOrder">8</P>
    <P Name="Src">126::28#out:1</P>
    <P Name="Dst">126::31#in:2</P>
  </Line>
  <Line>
    <P Name="ZOrder">9</P>
    <P Name="Src">126::30#out:1</P>
    <P Name="Dst">126::31#in:3</P>
  </Line>
  <Line>
    <P Name="Name">P4</P>
    <P Name="ZOrder">10</P>
    <P Name="Labels">[0, 0]</P>
    <P Name="Src">126::31#out:2</P>
    <P Name="Dst">126::5#in:1</P>
  </Line>
  <Line>
    <P Name="ZOrder">11</P>
    <P Name="Src">126::32#out:1</P>
    <P Name="Dst">126::33#in:1</P>
  </Line>
  <Line>
    <P Name="ZOrder">12</P>
    <P Name="Src">126::31#out:1</P>
    <P Name="Points">[20, 0]</P>
    <P Name="Dst">126::32#in:1</P>
  </Line>
</System>
