<?xml version="1.0" encoding="utf-8"?>
<System>
  <P Name="Location">[223, 338, 826, 833]</P>
  <P Name="SIDHighWatermark">33</P>
  <Block BlockType="Inport" Name="Pdes" SID="123::1">
    <P Name="Position">[20, 101, 40, 119]</P>
    <P Name="ZOrder">-1</P>
  </Block>
  <Block BlockType="Inport" Name="Q_hyd" SID="123::28">
    <P Name="Position">[20, 136, 40, 154]</P>
    <P Name="ZOrder">19</P>
    <P Name="Port">2</P>
    <PortProperties>
      <Port Type="out" Index="1">
        <P Name="PropagatedSignals">Q_hyd</P>
      </Port>
    </PortProperties>
  </Block>
  <Block BlockType="Inport" Name="Av" SID="123::30">
    <P Name="Position">[20, 171, 40, 189]</P>
    <P Name="ZOrder">21</P>
    <P Name="Port">3</P>
  </Block>
  <Block BlockType="Demux" Name=" Demux " SID="123::32">
    <PortCounts in="1" out="1"/>
    <P Name="Position">[270, 230, 320, 270]</P>
    <P Name="ZOrder">23</P>
    <P Name="Outputs">1</P>
  </Block>
  <Block BlockType="S-Function" Name=" SFunction " SID="123::31">
    <P Name="Tag">Stateflow S-Function 3</P>
    <PortCounts in="3" out="2"/>
    <P Name="Position">[180, 100, 230, 180]</P>
    <P Name="ZOrder">22</P>
    <P Name="FunctionName">sf_sfun</P>
    <P Name="Parameters">param</P>
    <P Name="PortCounts">[3 2]</P>
    <P Name="SFunctionDeploymentMode">off</P>
    <P Name="EnableBusSupport">on</P>
    <P Name="SFcnIsStateOwnerBlock">off</P>
    <PortProperties>
      <Port Type="out" Index="2">
        <P Name="Name">P3</P>
      </Port>
    </PortProperties>
  </Block>
  <Block BlockType="Terminator" Name=" Terminator " SID="123::33">
    <P Name="Position">[460, 241, 480, 259]</P>
    <P Name="ZOrder">24</P>
  </Block>
  <Block BlockType="Outport" Name="P3" SID="123::5">
    <P Name="Position">[460, 101, 480, 119]</P>
    <P Name="ZOrder">-5</P>
  </Block>
  <Line>
    <P Name="ZOrder">33</P>
    <P Name="Src">123::1#out:1</P>
    <P Name="Dst">123::31#in:1</P>
  </Line>
  <Line>
    <P Name="ZOrder">34</P>
    <P Name="Src">123::28#out:1</P>
    <P Name="Dst">123::31#in:2</P>
  </Line>
  <Line>
    <P Name="ZOrder">35</P>
    <P Name="Src">123::30#out:1</P>
    <P Name="Dst">123::31#in:3</P>
  </Line>
  <Line>
    <P Name="Name">P3</P>
    <P Name="ZOrder">36</P>
    <P Name="Labels">[0, 0]</P>
    <P Name="Src">123::31#out:2</P>
    <P Name="Dst">123::5#in:1</P>
  </Line>
  <Line>
    <P Name="ZOrder">37</P>
    <P Name="Src">123::32#out:1</P>
    <P Name="Dst">123::33#in:1</P>
  </Line>
  <Line>
    <P Name="ZOrder">38</P>
    <P Name="Src">123::31#out:1</P>
    <P Name="Points">[20, 0]</P>
    <P Name="Dst">123::32#in:1</P>
  </Line>
</System>
